Trait	rsid	chr	af	n	vP	vB	mP	mB	P
ChHeight_03yo	rs12790261	11	0.0771722	32732	0.303153090488144	0.0150047	3.46449548748479e-10	-0.346415	9.46036
ChHeight_03yo	rs10784502	12	0.452613	33163	0.512218193345832	-0.00507071	1.08342786215014e-14	-0.226859	13.9652
ChHeight_03yo	rs7959830	12	0.362309	33114	0.430167900666946	-0.00632399	1.9733312795365e-14	-0.232713	13.7048
ChHeight_03yo	rs8756	12	0.460151	33163	0.184948153615209	-0.0102535	1.72147214573708e-14	-0.225051	13.7641
ChHeight_03yo	rs7968682	12	0.459846	33160	0.192197617584054	-0.0100887	1.44910548400122e-14	-0.225744	13.8389
ChHeight_03yo	rs7306710	12	0.460614	33070	0.177047989739	-0.0104609	2.04644463672467e-14	-0.224831	13.689
ChHeight_03yo	rs7182563	15	0.483009	33135	0.732124600409507	0.00261942	1.18124504561326e-08	0.165476	7.92766
ChHeight_03yo	rs4842921	15	0.372469	33141	0.38653248606228	0.00684119	1.88325877632577e-09	0.179983	8.72509
ChHeight_03yo	rs6603002	15	0.487994	33149	0.99556550389952	-4.25752e-05	3.86820961412303e-08	0.159675	7.41249
ChHeight_03yo	rs6603003	15	0.487994	33149	0.995584782953951	-4.23902e-05	3.87195231394064e-08	0.15967	7.41207
ChHeight_03yo	rs7162129	15	0.488147	33157	0.981233597366093	-0.000180197	3.84485530088773e-08	0.159712	7.41512
ChHeight_03yo	rs11857009	15	0.488253	33158	0.957793311643712	-0.000405443	3.99880291478644e-08	0.159518	7.39807
ChHeight_03yo	rs6603004	15	0.488238	33159	0.961799174525429	-0.000366921	4.027912243776e-08	0.159476	7.39492
ChHeight_03yo	rs10152119	15	0.488042	33157	0.978308078993679	-0.000208281	4.06602458267536e-08	0.159414	7.39083
ChHeight_03yo	rs8029387	15	0.488087	33158	0.983448155208963	-0.000158922	3.60371137000338e-08	0.160036	7.44325
ChHeight_03yo	rs11856122	15	0.488087	33156	0.983129527542248	-0.000161982	3.61509737672684e-08	0.16002	7.44188
ChHeight_03yo	rs4310973	18	0.218415	33125	0.462674964166279	0.00685132	9.04648776163107e-10	-0.216355	9.04352
ChHeight_03yo	rs11205303	1	0.404584	33160	0.486542743843612	0.00543163	2.78227465767513e-21	0.280337	20.5556
ChHeight_03yo	rs58700306	1	0.223212	32496	0.597841418911511	-0.00491175	1.33930657221321e-09	-0.21406	8.87312
ChHeight_03yo	rs6142349	20	0.393791	33161	0.0307900220557119	0.0169591	6.02837138922466e-16	0.240891	15.2198
ChHeight_03yo	rs6141549	20	0.3937	33161	0.0319698059350197	0.0168428	6.04783591881799e-16	0.2409	15.2184
ChHeight_03yo	rs4353719	20	0.393858	33163	0.0318053368832952	0.0168596	5.8250545934174e-16	0.241045	15.2347
ChHeight_03yo	rs6088816	20	0.393848	33160	0.0318346441755643	0.0168579	5.58084550405415e-16	0.241217	15.2533
ChHeight_03yo	rs143384	20	0.423949	33096	0.129530785744439	0.0118014	1.81300916701703e-23	0.294745	22.7416
ChHeight_03yo	rs143383	20	0.384668	33113	0.0875447284610043	0.0134944	8.12643376567204e-19	0.26536	18.0901
ChHeight_03yo	rs224371	20	0.221398	33162	0.160333399175265	0.013008	4.25206602972015e-11	0.231751	10.3714
ChHeight_03yo	rs224418	20	0.223809	33160	0.0738159137239518	0.0165132	4.89102632124593e-10	0.217992	9.3106
ChHeight_03yo	rs7672919	4	0.113259	33163	0.590459344421613	0.00653175	1.17579064373131e-08	-0.262125	7.92967
ChHeight_03yo	rs11931594	4	0.111623	33134	0.570725135655997	0.00692278	1.17297836001788e-09	-0.281301	8.93071
ChHeight_03yo	rs2174633	4	0.263608	33125	0.0574976374358488	-0.0165969	2.0100182471137e-13	0.243132	12.6968
ChHeight_03yo	rs6841793	4	0.127232	33156	0.159887311525696	0.0161897	2.19078621716484e-10	-0.276882	9.6594
ChHeight_03yo	rs2724475	4	0.261225	33163	0.0569154272055227	-0.0166613	2.69153480392691e-13	0.242208	12.57
ChHeight_03yo	rs12503997	4	0.12725	33163	0.158292376732543	0.016252	2.1746531586244e-10	-0.276936	9.66261
ChHeight_03yo	rs16896101	4	0.127084	33163	0.16916986393469	0.0158455	2.46036760414763e-10	-0.27624	9.609
ChHeight_03yo	rs16896128	4	0.12728	33163	0.152060705112872	0.0164981	2.63791015647201e-10	-0.275619	9.57874
ChHeight_03yo	rs4057984	4	0.127084	33163	0.16916986393469	0.0158455	2.46036760414763e-10	-0.27624	9.609
ChHeight_03yo	rs2724486	4	0.261309	33160	0.0632222576032891	-0.0162565	3.15137438020451e-13	0.241514	12.5015
ChHeight_03yo	rs2724472	4	0.261532	33147	0.0543888655075321	-0.0168343	3.60163750394727e-13	0.240908	12.4435
ChHeight_03yo	rs724577	4	0.26127	33163	0.05579946050527	-0.0167383	2.85890681551196e-13	0.241959	12.5438
ChHeight_03yo	rs2085683	4	0.127084	33163	0.177572210082422	0.0155388	2.64161790746095e-10	-0.275762	9.57813
ChHeight_03yo	rs2610990	4	0.259569	33128	0.0456257482672682	-0.0175367	1.44577263387363e-12	0.23521	11.8399
ChHeight_03yo	rs6811842	4	0.127084	33163	0.177572210082422	0.0155388	2.64161790746095e-10	-0.275762	9.57813
ChHeight_03yo	rs16896276	4	0.259558	33112	0.0405928926266501	-0.0179704	1.21955109365968e-12	0.236063	11.9138
ChHeight_03yo	rs6830062	4	0.127295	33163	0.155129716922191	0.0163749	2.55228988898051e-10	-0.275832	9.59307
ChHeight_03yo	rs1585333	4	0.12728	33163	0.159814065634265	0.0161918	2.83184839905029e-10	-0.275141	9.54793
ChHeight_03yo	rs2011603	4	0.261227	33113	0.045701452164036	-0.0175098	6.70347509172732e-13	0.238442	12.1737
ChHeight_03yo	rs1355603	4	0.15582	33160	0.586849852821204	0.00576325	9.61324476227928e-09	-0.23043	8.01713
ChHeight_03yo	rs55654862	5	0.217257	32885	0.770818270372642	-0.00271696	2.36826338206239e-08	-0.197287	7.62557
ChHeight_03yo	rs1978427	5	0.213017	32880	0.763475315298099	-0.00282417	8.71926746651908e-09	-0.204607	8.05952
ChHeight_03yo	rs72776432	5	0.21226	32863	0.771409530282515	-0.00273063	8.77303778812154e-09	-0.204868	8.05685
ChHeight_03yo	rs2052479	5	0.214366	32876	0.687202926026153	-0.00377245	1.29876327611934e-08	-0.201852	7.88647
ChHeight_03yo	rs72838266	6	0.132396	33075	0.0535007659877332	-0.0219461	3.27483934872498e-09	-0.254917	8.48481
ChHeight_03yo	rs9393802	6	0.134459	33103	0.0774033932631152	-0.0199537	9.38253082712632e-09	-0.245895	8.02768
ChHeight_03yo	rs10946906	6	0.126526	33100	0.027313666351109	-0.0255369	6.16481431325261e-09	-0.254909	8.21008
ChHeight_03yo	rs9348758	6	0.122913	32938	0.0172056070480229	-0.0279756	7.29457510254568e-09	-0.25745	8.137
ChHeight_03yo	rs9366690	6	0.120418	33143	0.0171660352499182	-0.0281064	4.0370116249182e-09	-0.262973	8.39394
ChHeight_03yo	rs9379975	6	0.120372	33143	0.0180505317376776	-0.027895	3.42397038759082e-09	-0.264258	8.46547
ChHeight_03yo	rs9391253	6	0.342442	33099	0.220845218080293	0.0098998	2.72816102359385e-08	0.170351	7.56413
ChHeight_03yo	rs9391254	6	0.342762	33163	0.226026833047452	0.00977783	4.97954888197454e-08	0.166901	7.30281
ChHeight_03yo	rs6919397	6	0.465079	33075	0.881176486850188	0.00115194	1.8286054086912e-10	0.186216	9.73788
ChHeight_03yo	rs9398804	6	0.451949	32705	0.735212699309608	0.00262845	1.19679564451441e-10	0.189702	9.92198
ChHeight_03yo	rs2326451	6	0.4668	33133	0.777927277496921	0.00216961	3.07793893951433e-10	0.183552	9.51174
ChHeight_03yo	rs1490388	6	0.469449	33158	0.761075952711718	0.00233876	3.60138872023524e-10	0.182805	9.44353
ChHeight_03yo	rs1417572	6	0.493679	33145	0.722853020341191	-0.00272192	1.29080310078111e-09	-0.176539	8.88914
ChHeight_03yo	rs6913430	6	0.493666	33154	0.724424283640994	-0.00270559	1.20786945827018e-09	-0.176834	8.91798
ChHeight_03yo	rs9375450	6	0.493831	33152	0.740196453617867	-0.00254498	1.40000633223953e-09	-0.17616	8.85387
ChHeight_03yo	rs1262557	6	0.469456	33116	0.921158364436849	-0.000761265	1.90064059086525e-08	-0.163866	7.7211
ChHeight_03yo	rs4735764	8	0.297288	33106	0.0779973773769731	-0.0147992	3.72477462486399e-18	0.276528	17.4289
ChHeight_03yo	rs10107588	8	0.287283	33145	0.0689239248126835	-0.0154057	9.15587805975786e-18	0.275617	17.0383
ChHeight_03yo	rs17380738	8	0.287244	33153	0.0640368558034029	-0.015684	1.25689789819554e-17	0.274425	16.9007
ChHeight_03yo	rs6473021	8	0.411496	33106	0.230108149555584	-0.00939975	1.86024437502766e-08	0.167008	7.73043
ChHeight_03yo	rs62515412	8	0.173894	33115	0.0134536461210244	-0.0249655	7.31307453862484e-11	0.249445	10.1359
ChHeight_03yo	rs4733725	8	0.20051	33158	0.2641569247509	0.0107256	1.24205263352704e-09	-0.2212	8.90586
ChHeight_05yo	rs12790261	11	0.0749747	20767	0.384153681886007	0.0158993	6.03114819617818e-13	-0.633499	12.2196
ChHeight_05yo	rs10784502	12	0.452856	21063	0.238104717477379	-0.0113213	1.81852803222536e-10	-0.295482	9.74028
ChHeight_05yo	rs7959830	12	0.362249	21038	0.380152630524041	-0.00870893	3.46417641035249e-10	-0.30078	9.4604
ChHeight_05yo	rs8756	12	0.460286	21063	0.196564008471122	-0.0123937	1.68748530660899e-09	-0.279251	8.77276
ChHeight_05yo	rs7968682	12	0.460048	21063	0.204690647589608	-0.0121739	2.06229125412351e-09	-0.277789	8.68565
ChHeight_05yo	rs7306710	12	0.460515	21008	0.155752849203787	-0.0136468	2.22407792731069e-09	-0.277658	8.65285
ChHeight_05yo	rs4310973	18	0.218685	21044	0.579237939539158	0.00640096	3.40800324800366e-11	-0.368977	10.4675
ChHeight_05yo	rs11205303	1	0.400152	21062	0.288867045810933	-0.0103088	5.00380065925268e-19	0.41807	18.3007
ChHeight_05yo	rs6142349	20	0.395456	21063	0.376024376663302	0.00861869	5.536049950434e-12	0.323422	11.2568
ChHeight_05yo	rs6141549	20	0.395409	21063	0.368934271395971	0.00874876	6.0200486368446e-12	0.32291	11.2204
ChHeight_05yo	rs4353719	20	0.395623	21063	0.378699733938097	0.00857127	5.60918804833819e-12	0.323364	11.2511
ChHeight_05yo	rs6088816	20	0.395641	21062	0.380096613289718	0.00854646	5.95936519255937e-12	0.32297	11.2248
ChHeight_05yo	rs143384	20	0.424688	21026	0.68246439715143	0.00395161	7.31644310949073e-15	0.362211	14.1357
ChHeight_05yo	rs143383	20	0.38621	21030	0.475895940297927	0.00697754	6.05898671138967e-13	0.339662	12.2176
ChHeight_05yo	rs8183892	20	0.169152	21061	0.783954757478017	-0.00347624	4.74034553958346e-09	-0.357931	8.32419
ChHeight_05yo	rs6030712	20	0.169681	21063	0.695302834737125	-0.00496256	4.48136171923049e-09	-0.358249	8.34859
ChHeight_05yo	rs6130371	20	0.169953	21044	0.676294724992096	-0.00528833	3.50380558057465e-09	-0.360611	8.45546
ChHeight_05yo	rs6130452	20	0.170482	21055	0.651539874714013	-0.0057137	3.57667928980376e-09	-0.359992	8.44652
ChHeight_05yo	rs1936999	20	0.170482	21055	0.651616390732787	-0.00571237	3.58335635736352e-09	-0.359973	8.44571
ChHeight_05yo	rs1744759	20	0.169413	21061	0.704089714348117	-0.00481451	4.15135621079591e-09	-0.359193	8.38181
ChHeight_05yo	rs2076398	20	0.232884	21062	0.900670420433845	-0.00140608	2.28302149258652e-08	-0.30352	7.64149
ChHeight_05yo	rs572169	3	0.3429	21063	0.600892799648741	-0.00526633	1.24701018325238e-10	0.312283	9.90413
ChHeight_05yo	rs519384	3	0.316459	20919	0.843793936075301	-0.00202442	1.69355770869152e-08	0.279425	7.7712
ChHeight_05yo	rs1355603	4	0.154829	21062	0.955181714592211	-0.000744885	5.60828402690079e-09	-0.372384	8.25117
ChHeight_05yo	rs111673650	6	0.132104	21063	0.504611332937123	-0.00941362	3.72640453737409e-08	-0.374551	7.42871
ChHeight_05yo	rs2905757	6	0.313542	21061	0.769284531701183	-0.00302737	2.96551414578262e-08	-0.276016	7.5279
ChHeight_05yo	rs3906263	6	0.234273	21063	0.535498181070476	-0.00700066	3.43866604316798e-08	-0.300719	7.46361
ChHeight_05yo	rs4735764	8	0.294635	21026	0.152662018382902	0.0148723	1.20670190959328e-11	0.340199	10.9184
ChHeight_05yo	rs10107588	8	0.285752	21055	0.176446480458476	0.0141807	1.4866200985286e-11	0.341665	10.8278
ChHeight_05yo	rs17380738	8	0.285731	21060	0.199729861108889	0.013451	1.80967255478879e-11	0.340191	10.7424
ChHeight_07yo	rs12790261	11	0.0753415	20938	0.460621282297515	0.0134252	1.20088107301467e-13	-0.698343	12.9205
ChHeight_07yo	rs10784502	12	0.453201	21229	0.131237515493339	-0.0144416	9.00948569379645e-11	-0.321423	10.0453
ChHeight_07yo	rs7959830	12	0.362914	21202	0.15191442004847	-0.0141733	8.91250938133744e-11	-0.332363	10.05
ChHeight_07yo	rs8756	12	0.460455	21229	0.0495632755028085	-0.018792	3.76114433570711e-10	-0.310588	9.42468
ChHeight_07yo	rs7968682	12	0.460243	21229	0.0494390366877445	-0.0188062	4.66863584336958e-10	-0.308976	9.33081
ChHeight_07yo	rs7306710	12	0.460783	21177	0.0444856560819811	-0.0192629	6.57536703462001e-10	-0.306764	9.18208
ChHeight_07yo	rs4310973	18	0.21959	21210	0.0896458108943526	-0.0195486	9.06149802231998e-13	-0.425747	12.0428
ChHeight_07yo	rs28589524	18	0.212672	21204	0.0331138746146215	-0.0248451	2.14328537251506e-09	-0.361192	8.66892
ChHeight_07yo	rs11205303	1	0.400485	21228	0.526609876520412	-0.00614481	3.24937623618762e-17	0.424315	16.4882
ChHeight_07yo	rs143384	20	0.424507	21194	0.301613655332176	0.00994926	1.00855595961911e-09	0.304467	8.9963
ChHeight_07yo	rs143383	20	0.386069	21197	0.505575476675742	0.00649722	4.97794392377357e-08	0.275374	7.30295
ChHeight_07yo	rs6785012	3	0.463105	21209	0.590245928486629	-0.00514272	1.66985976276085e-08	0.279171	7.77732
ChHeight_07yo	rs572169	3	0.342974	21229	0.349495831336034	0.00938759	4.01753806251829e-09	0.3058	8.39604
ChHeight_07yo	rs1355603	4	0.154725	21228	0.517534135195804	0.0085561	2.99336723073251e-10	-0.430992	9.52384
ChHeight_07yo	rs9398804	6	0.455692	20933	0.0253875037171058	0.0215651	1.26776862628636e-08	0.284482	7.89696
ChHeight_07yo	rs4735764	8	0.29607	21196	0.778900531159124	0.00290357	9.04273908311785e-12	0.365511	11.0437
ChHeight_07yo	rs10107588	8	0.287121	21221	0.880914178289047	0.0015629	5.1641636927207e-12	0.373029	11.287
ChHeight_07yo	rs17380738	8	0.287124	21226	0.881465258557611	0.0015555	5.62729911013452e-12	0.372343	11.2497
ChHeight_08yo	rs12790261	11	0.0757865	26159	0.0862859331109975	0.0281321	6.53882930004742e-11	-0.585333	10.1845
ChHeight_08yo	rs4931727	12	0.237898	26379	0.55503580489536	0.00594488	1.491317108e-09	0.333319	8.82643
ChHeight_08yo	rs10459090	12	0.234969	26478	0.739876102280516	0.00334938	4.09053393582983e-09	0.324742	8.38822
ChHeight_08yo	rs1841964	12	0.235229	26470	0.737520336298552	0.00338041	4.79479451670222e-09	0.323242	8.31923
ChHeight_08yo	rs71452082	12	0.238646	26466	0.698463956954915	0.00389166	5.29700033009894e-10	0.341504	9.27597
ChHeight_08yo	rs36097532	12	0.238646	26466	0.698599064926997	0.00388981	5.27642780185062e-10	0.341538	9.27766
ChHeight_08yo	rs7138497	12	0.238967	26466	0.649030341358503	0.00456692	8.86074013720948e-10	0.336664	9.05253
ChHeight_08yo	rs1586868	12	0.219154	26486	0.955052399380517	0.00058298	5.19337879082101e-09	0.330714	8.28455
ChHeight_08yo	rs1586867	12	0.219154	26486	0.955052399380517	0.00058298	5.19337879082101e-09	0.330714	8.28455
ChHeight_08yo	rs11049562	12	0.21925	26488	0.932297457836484	0.000878465	3.68061168024891e-09	0.333856	8.43408
ChHeight_08yo	rs1257741	12	0.218954	26485	0.972119601075321	0.000361487	2.35944577066517e-09	0.338069	8.62719
ChHeight_08yo	rs10784502	12	0.450276	26496	0.00321899276079346	-0.0254602	1.75105585747878e-12	-0.333674	11.7567
ChHeight_08yo	rs7959830	12	0.360688	26455	0.00924059635637681	-0.0232602	1.37119745970092e-12	-0.34667	11.8629
ChHeight_08yo	rs8756	12	0.458031	26496	0.00109023469839237	-0.0282227	3.640826637894e-11	-0.313048	10.4388
ChHeight_08yo	rs7968682	12	0.457668	26493	0.00127843896838734	-0.0278322	4.02068453991913e-11	-0.31237	10.3957
ChHeight_08yo	rs7306710	12	0.458396	26428	0.000701196920335729	-0.0293245	5.41876104451626e-11	-0.310671	10.2661
ChHeight_08yo	rs7182563	15	0.484211	26474	0.3349677530251	0.00823247	1.16732019764188e-09	0.284102	8.93281
ChHeight_08yo	rs4842921	15	0.373744	26478	0.358103033543535	0.00810629	2.1875601329366e-08	0.269949	7.66004
ChHeight_08yo	rs6603002	15	0.488844	26487	0.518745091102169	0.00551828	1.35540786068115e-10	0.300262	9.86793
ChHeight_08yo	rs6603003	15	0.488825	26487	0.516166720181885	0.00555216	1.35005045641182e-10	0.300279	9.86965
ChHeight_08yo	rs7162129	15	0.488977	26491	0.537551403373707	0.00527163	1.32840346579813e-10	0.300365	9.87667
ChHeight_08yo	rs11857009	15	0.48911	26492	0.540795413890534	0.00522949	1.46423235774311e-10	0.299663	9.83439
ChHeight_08yo	rs6603004	15	0.48911	26492	0.540770509914806	0.00522982	1.46190785627338e-10	0.299674	9.83508
ChHeight_08yo	rs10152119	15	0.488883	26491	0.539851111650582	0.00524173	1.43972650507624e-10	0.299785	9.84172
ChHeight_08yo	rs8029387	15	0.488959	26491	0.542586520046095	0.00520595	1.41036005780527e-10	0.299906	9.85067
ChHeight_08yo	rs11856122	15	0.488959	26491	0.542586520046095	0.00520596	1.41036005780527e-10	0.299906	9.85067
ChHeight_08yo	rs4310973	18	0.219439	26472	0.803505955397442	-0.00256741	2.57039578276887e-15	-0.446126	14.59
ChHeight_08yo	rs28589524	18	0.211516	26459	0.702336113455564	-0.00400713	2.15278173472437e-12	-0.402555	11.667
ChHeight_08yo	rs11205303	1	0.403525	26494	0.600765521304528	0.00456658	4.26579518801592e-18	0.414829	17.37
ChHeight_08yo	rs661691	1	0.229716	26487	0.228309508969034	0.0122308	2.04785875896321e-14	0.425626	13.6887
ChHeight_08yo	rs143384	20	0.422764	26445	0.00136332688768635	0.0278632	4.07614852252302e-10	0.297191	9.38975
ChHeight_08yo	rs143383	20	0.383775	26453	0.00291460697577035	0.0262307	1.45221192936927e-08	0.272875	7.83797
ChHeight_08yo	rs13013021	2	0.170026	26496	0.473141453823758	-0.00816618	2.99529774816467e-08	-0.345385	7.52356
ChHeight_08yo	rs4854344	2	0.170158	26496	0.459944044660019	-0.00840927	2.0089540341872e-08	-0.349619	7.69703
ChHeight_08yo	rs7564711	2	0.170076	26494	0.478257731998282	-0.00807086	2.26855858864991e-08	-0.348353	7.64425
ChHeight_08yo	rs11127487	2	0.170158	26496	0.459944044660019	-0.00840927	2.0089540341872e-08	-0.349619	7.69703
ChHeight_08yo	rs10169736	2	0.170158	26496	0.459944044660019	-0.00840927	2.0089540341872e-08	-0.349619	7.69703
ChHeight_08yo	rs10865550	2	0.170158	26496	0.459944044660019	-0.00840927	2.0089540341872e-08	-0.349619	7.69703
ChHeight_08yo	rs7591067	2	0.170164	26495	0.459029926150586	-0.00842647	2.00138204831842e-08	-0.349662	7.69867
ChHeight_08yo	rs7560246	2	0.170158	26496	0.459944044660019	-0.00840925	2.01052741777922e-08	-0.349611	7.69669
ChHeight_08yo	rs7561317	2	0.171101	26496	0.417299630342701	-0.00920612	1.59723934615742e-08	-0.351148	7.79663
ChHeight_08yo	rs10189761	2	0.170158	26496	0.459968403691953	-0.0084088	2.01154614608686e-08	-0.349605	7.69647
ChHeight_08yo	rs4854348	2	0.170189	26494	0.426837925010071	-0.00904277	1.6893125170484e-08	-0.35148	7.77229
ChHeight_08yo	rs1320336	2	0.170561	26492	0.491717879400323	-0.00781845	1.95168623900485e-08	-0.349648	7.70959
ChHeight_08yo	rs13386517	2	0.170177	26496	0.477719534009166	-0.00807948	2.33539313906217e-08	-0.347985	7.63164
ChHeight_08yo	rs13401686	2	0.170215	26493	0.460130477046743	-0.00840568	2.29831737349047e-08	-0.348162	7.63859
ChHeight_08yo	rs13387091	2	0.170063	26496	0.473520733825464	-0.00815781	2.31467488804271e-08	-0.348128	7.63551
ChHeight_08yo	rs9822552	3	0.379624	26492	0.626583565938257	-0.0042787	1.40630655151201e-08	0.272946	7.85192
ChHeight_08yo	rs144232668	3	0.379624	26492	0.626583565938257	-0.0042787	1.40630655151201e-08	0.272946	7.85192
ChHeight_08yo	rs9757447	3	0.383318	26418	0.774483197268451	-0.00252578	4.93764656428858e-09	0.28213	8.30648
ChHeight_08yo	rs13063541	3	0.380718	26496	0.814292809814191	-0.00206981	1.0382692694115e-08	0.275988	7.98369
ChHeight_08yo	rs9869007	3	0.380699	26496	0.820024258197192	-0.00200476	1.04404688028608e-08	0.275937	7.98128
ChHeight_08yo	rs9869433	3	0.380699	26496	0.820024258197192	-0.00200476	1.04404688028608e-08	0.275937	7.98128
ChHeight_08yo	rs9828863	3	0.355436	26483	0.938699312953348	-0.000687524	1.37552978876182e-08	0.277658	7.86153
ChHeight_08yo	rs9809980	3	0.355454	26483	0.940356866216211	-0.000668854	1.32150861904481e-08	0.277975	7.87893
ChHeight_08yo	rs585026	3	0.332656	26317	0.383068992975293	0.00793974	1.12566716972215e-10	0.321187	9.94859
ChHeight_08yo	rs572169	3	0.343675	26496	0.496403688683252	0.0061461	7.71613824479373e-13	0.354303	12.1126
ChHeight_08yo	rs519384	3	0.31623	26310	0.479266418857606	0.00653878	4.63980789982125e-12	0.349741	11.3335
ChHeight_08yo	rs4894553	3	0.292987	26479	0.37829621845797	0.00827559	2.84708215979929e-12	0.358983	11.5456
ChHeight_08yo	rs4894559	3	0.282239	26389	0.253978526949712	0.0108812	4.55491209537357e-08	0.285371	7.34152
ChHeight_08yo	rs7672919	4	0.112036	26496	0.0745057858847548	-0.0241998	8.79690698626142e-09	-0.426858	8.05567
ChHeight_08yo	rs11931594	4	0.110274	26475	0.0414218984867651	-0.027929	2.85831441803672e-08	-0.415677	7.54389
ChHeight_08yo	rs1355603	4	0.156269	26496	0.842090562219666	-0.0023518	2.06490463920269e-11	-0.432635	10.6851
ChHeight_08yo	rs6919397	6	0.466327	26416	0.116345341848691	0.0135249	2.5762025157606e-10	0.298127	9.58902
ChHeight_08yo	rs9398804	6	0.452731	26127	0.136642563167242	0.0129184	1.30860929274069e-10	0.305357	9.88319
ChHeight_08yo	rs2326451	6	0.468312	26461	0.130071455491533	0.0130151	1.10851098194874e-09	0.286794	8.95526
ChHeight_08yo	rs1490388	6	0.471387	26491	0.11179464469081	0.0136657	3.37683624005303e-10	0.295491	9.47149
ChHeight_08yo	rs1417572	6	0.492805	26478	0.0794675822338915	-0.0150629	4.53085329147614e-09	-0.275719	8.34382
ChHeight_08yo	rs6913430	6	0.492866	26491	0.0868820380700026	-0.0147019	3.95703598749017e-09	-0.27672	8.40263
ChHeight_08yo	rs9375450	6	0.493035	26490	0.0891538289804271	-0.0145978	3.67096293889617e-09	-0.277315	8.43522
ChHeight_08yo	rs4735764	8	0.297978	26455	0.476507784596584	-0.0066562	4.51751912676304e-16	0.415388	15.3451
ChHeight_08yo	rs10107588	8	0.288565	26488	0.682175314842405	-0.00386142	2.92819503557427e-16	0.421654	15.5334
ChHeight_08yo	rs17380738	8	0.288529	26493	0.706999326368903	-0.00354396	3.26738266063144e-16	0.420905	15.4858
ChHeight_08yo	rs7038554	9	0.314709	26399	0.00582344529369589	0.0254861	1.25377613787556e-10	0.324858	9.90178
ChHeight_08yo	rs36094334	9	0.318879	25944	0.00615375214270565	0.0254722	5.81821813951476e-10	0.314763	9.23521
ChHeight_08yo	rs66693354	9	0.321681	25861	0.00222776819809435	0.0283948	1.18568684099287e-09	0.308585	8.92603
ChHeight_14yo	rs11578158	1	0.315724	9635	0.312546759157541	0.0148634	4.51918374893072e-08	0.566715	7.34494
ChHeight_14yo	rs13098180	3	0.383859	9454	0.681745060503447	0.00582391	4.93969347169256e-11	0.655983	10.3063
ChHeight_14yo	rs6785012	3	0.460432	9629	0.818401280090398	-0.00316961	6.32863428976904e-10	0.599744	9.19869
ChHeight_14yo	rs1355603	4	0.155183	9637	0.419599536703488	-0.0152426	4.01328498262742e-09	-0.78048	8.3965
ChHeight_18mo	rs12790261	11	0.0757239	42338	0.518209058075145	0.00833566	1.62554875575049e-14	-0.277358	13.789
ChHeight_18mo	rs10784502	12	0.452731	42893	0.311625508371198	-0.0068878	2.4819898435071e-20	-0.176435	19.6052
ChHeight_18mo	rs7959830	12	0.362063	42824	0.301166734502996	-0.00728907	8.91456179874592e-18	-0.169824	17.0499
ChHeight_18mo	rs8756	12	0.460728	42893	0.111758097497108	-0.0108299	2.36156552391772e-18	-0.166934	17.6268
ChHeight_18mo	rs61921611	12	0.267417	42847	0.174024742572622	-0.0104282	3.1441264202588e-12	-0.150017	11.5025
ChHeight_18mo	rs7968682	12	0.460422	42890	0.113702234600211	-0.0107735	2.54097270554931e-18	-0.166805	17.595
ChHeight_18mo	rs7306710	12	0.461303	42781	0.115648498882259	-0.0107321	2.50957396370284e-18	-0.167085	17.6004
ChHeight_18mo	rs1272131	14	0.389277	42683	0.320739907781376	-0.00692051	4.88314926809836e-11	0.12829	10.3113
ChHeight_18mo	rs1018533	14	0.289735	42846	0.342875931126288	-0.00707953	9.96139129444009e-09	0.119769	8.00168
ChHeight_18mo	rs7182563	15	0.483373	42852	0.546111095105024	0.00408409	1.46429978968777e-09	0.114715	8.83437
ChHeight_18mo	rs4842921	15	0.372457	42864	0.674138297627268	0.00293269	1.14524920770789e-09	0.119021	8.9411
ChHeight_18mo	rs6603002	15	0.48834	42881	0.90890480633396	0.000773543	2.5493531475035e-10	0.119843	9.59357
ChHeight_18mo	rs6603003	15	0.488328	42881	0.905187816759123	0.000805235	2.49683589957424e-10	0.119901	9.60261
ChHeight_18mo	rs7162129	15	0.488528	42886	0.861615692274586	0.00117839	2.96865685023399e-10	0.119387	9.52744
ChHeight_18mo	rs11857009	15	0.488621	42887	0.852793732693034	0.00125437	3.10055900088494e-10	0.119261	9.50856
ChHeight_18mo	rs6603004	15	0.488587	42890	0.857670356701127	0.00121234	3.15014104930349e-10	0.119213	9.50167
ChHeight_18mo	rs10152119	15	0.488412	42889	0.873698117566492	0.00107451	3.97356205710591e-10	0.11852	9.40082
ChHeight_18mo	rs8029387	15	0.48847	42889	0.86874236342166	0.00111702	3.37567012352763e-10	0.118997	9.47164
ChHeight_18mo	rs11856122	15	0.48847	42889	0.868741763315903	0.00111703	3.37574785209957e-10	0.118997	9.47163
ChHeight_18mo	rs8038517	15	0.043596	42825	0.341276198111036	0.0157733	7.74283491912459e-13	-0.332923	12.1111
ChHeight_18mo	rs8042075	15	0.0423751	42820	0.437282402057957	0.0130648	4.34810476892727e-12	-0.326501	11.3617
ChHeight_18mo	rs4985154	16	0.306171	42878	0.0505929496254655	-0.0143497	6.45431266470693e-09	-0.119367	8.19015
ChHeight_18mo	rs16966952	16	0.306265	42873	0.0530701114901556	-0.0141959	4.31022558004995e-09	-0.120727	8.3655
ChHeight_18mo	rs4310973	18	0.21928	42847	0.213342804590992	-0.0101843	2.66011247574193e-12	-0.16016	11.5751
ChHeight_18mo	rs28589524	18	0.211463	42842	0.0843567811965416	-0.0143138	6.62094530148305e-10	-0.143281	9.17908
ChHeight_18mo	rs10917119	1	0.182592	42836	0.853676251675638	0.00161294	1.33238581374952e-08	0.139305	7.87537
ChHeight_18mo	rs2473290	1	0.259254	42682	0.786167343937315	0.00209346	1.50314196609002e-09	0.130751	8.823
ChHeight_18mo	rs56318008	1	0.163974	42833	0.47933594765834	0.00645514	1.61175861413222e-11	0.172363	10.7927
ChHeight_18mo	rs1514177	1	0.420096	42889	0.485632786995562	0.00476216	9.22359021688246e-11	0.124053	10.0351
ChHeight_18mo	rs7526762	1	0.435117	42885	0.559624861617027	0.00397007	2.65497233462241e-10	0.120526	9.57594
ChHeight_18mo	rs4650277	1	0.435846	42881	0.603753970717803	0.00353095	3.89224348164441e-10	0.11936	9.4098
ChHeight_18mo	rs2344508	1	0.43613	42868	0.532813229963378	0.00424314	4.77738234203083e-10	0.118745	9.32081
ChHeight_18mo	rs12041852	1	0.436127	42866	0.528932192048721	0.00428325	5.51658100875706e-10	0.11831	9.25833
ChHeight_18mo	rs10789396	1	0.426636	42405	0.482606314511093	0.00481833	3.27815889237519e-10	0.120916	9.48437
ChHeight_18mo	rs11205303	1	0.403206	42890	0.776054104124546	-0.00196373	2.59836405678774e-31	0.225254	30.5853
ChHeight_18mo	rs58700306	1	0.223479	42024	0.734047222983848	0.0027899	7.53546401082741e-10	-0.141681	9.12289
ChHeight_18mo	rs11205312	1	0.122584	42779	0.521786693963381	0.00664462	3.05238984478983e-09	-0.172401	8.51536
ChHeight_18mo	rs35193912	20	0.41719	42869	0.28167091203284	-0.00738835	1.66371909052727e-10	-0.12292	9.77892
ChHeight_18mo	rs6142349	20	0.392143	42890	0.0418996118727866	0.0140973	3.69147558165413e-20	0.178631	19.4328
ChHeight_18mo	rs6141549	20	0.392115	42893	0.0400267197061143	0.0142288	3.59500914930025e-20	0.178687	19.4443
ChHeight_18mo	rs4353719	20	0.392302	42893	0.0426795665384533	0.0140434	3.4970351694346e-20	0.178735	19.4563
ChHeight_18mo	rs6088816	20	0.392285	42891	0.0413961545796474	0.014132	3.4633788460828e-20	0.178762	19.4605
ChHeight_18mo	rs143384	20	0.422163	42801	0.0149668360042329	0.0166998	2.70894382985978e-29	0.216174	28.5672
ChHeight_18mo	rs143383	20	0.382834	42824	0.0423584441653654	0.0141401	3.86722998119376e-21	0.184248	20.4126
ChHeight_18mo	rs925229	2	0.447511	42685	0.890249831200299	0.000941972	5.01187233627272e-11	0.12585	10.3
ChHeight_18mo	rs3204	2	0.457199	42674	0.716385851469044	0.00247443	1.2819763105687e-08	0.108709	7.89212
ChHeight_18mo	rs72879276	2	0.0834364	42853	0.984836645042312	-0.000232584	4.72987866524637e-08	0.187516	7.32515
ChHeight_18mo	rs6785012	3	0.461423	42849	0.801006794534962	0.00171314	2.32551957754174e-09	0.113753	8.63348
ChHeight_18mo	rs7672919	4	0.113841	42893	0.567028646281506	0.00609551	1.30469801007592e-09	-0.180809	8.88449
ChHeight_18mo	rs11931594	4	0.112095	42861	0.50066012101371	0.00722331	1.18508636123194e-09	-0.182587	8.92625
ChHeight_18mo	rs2174633	4	0.265335	42844	0.865518390138961	0.00130574	7.59101762881253e-14	0.161354	13.1197
ChHeight_18mo	rs6841793	4	0.127364	42885	0.665959778213514	0.0043752	8.84504404755262e-09	-0.163145	8.0533
ChHeight_18mo	rs2724475	4	0.263027	42893	0.917820809267137	0.000796898	2.42605141178253e-14	0.164843	13.6151
ChHeight_18mo	rs12503997	4	0.127375	42893	0.636332346259101	0.00479264	7.76068399701107e-09	-0.163789	8.1101
ChHeight_18mo	rs16896101	4	0.127247	42893	0.642680318143826	0.00470436	1.03145432203611e-08	-0.162484	7.98655
ChHeight_18mo	rs16896128	4	0.127398	42893	0.636442246451475	0.00479083	8.22886618436184e-09	-0.163501	8.08466
ChHeight_18mo	rs4057984	4	0.127247	42893	0.642680318143826	0.00470436	1.03145432203611e-08	-0.162484	7.98655
ChHeight_18mo	rs2724486	4	0.26308	42890	0.922265578775967	0.000753676	2.64667125127335e-14	0.164604	13.5773
ChHeight_18mo	rs2724472	4	0.263248	42876	0.87633064682267	0.00120179	3.42452231089151e-14	0.163858	13.4654
ChHeight_18mo	rs724577	4	0.263027	42893	0.88450990371833	0.00112185	2.4882843036797e-14	0.16477	13.6041
ChHeight_18mo	rs2085683	4	0.127227	42892	0.638936943679697	0.00475817	1.11722333999059e-08	-0.162125	7.95186
ChHeight_18mo	rs2610990	4	0.261412	42848	0.848377808684083	0.00148054	6.68497827161591e-14	0.162421	13.1749
ChHeight_18mo	rs6811842	4	0.127227	42892	0.638936943679697	0.00475817	1.11722333999059e-08	-0.162125	7.95186
ChHeight_18mo	rs16896276	4	0.261295	42829	0.907552588905761	0.000899531	5.90608917480365e-14	0.162821	13.2287
ChHeight_18mo	rs6830062	4	0.12739	42892	0.630610212924102	0.00487448	8.34949098236569e-09	-0.163453	8.07834
ChHeight_18mo	rs1585333	4	0.127378	42892	0.632713352918656	0.00484462	8.91702532353179e-09	-0.163142	8.04978
ChHeight_18mo	rs2011603	4	0.262913	42824	0.907952648901192	0.000893963	1.45177729502312e-14	0.166448	13.8381
ChHeight_18mo	rs112143084	4	0.0204005	42842	0.0816770418046986	0.0418099	2.07778209750427e-11	0.450351	10.6824
ChHeight_18mo	rs112728585	4	0.0206432	42847	0.0703169459624438	0.0432173	3.56451133426244e-11	0.442508	10.448
ChHeight_18mo	rs1355603	4	0.15605	42890	0.522330035795843	-0.00597467	3.58426408043714e-12	-0.18173	11.4456
ChHeight_18mo	rs7715919	5	0.321253	42826	0.245081765383584	-0.00843978	2.90676552027782e-09	-0.120794	8.53659
ChHeight_18mo	rs12202871	6	0.365181	42876	0.799707741155844	0.00178178	9.72500873318402e-10	-0.120373	9.01211
ChHeight_18mo	rs9380825	6	0.364108	42817	0.934570998670296	0.000577038	3.86180197218962e-10	-0.123353	9.41321
ChHeight_18mo	rs4897175	6	0.486268	42638	0.832789805175177	-0.00143377	1e-12	-0.135764	12
ChHeight_18mo	rs6919397	6	0.46827	42783	0.735265180766502	0.00230043	1.15557995540213e-19	0.173065	18.9372
ChHeight_18mo	rs9398804	6	0.455322	42314	0.912325681074021	-0.000754659	1.11070825591887e-19	0.174435	18.9544
ChHeight_18mo	rs2326451	6	0.470091	42847	0.781561216137242	0.00188333	2.35939144304406e-18	0.166405	17.6272
ChHeight_18mo	rs1490388	6	0.473033	42885	0.752629089478294	0.00213978	1.31069004236608e-18	0.167595	17.8825
ChHeight_18mo	rs1417572	6	0.490647	42874	0.783426034947685	-0.00186369	6.28637088413051e-16	-0.153672	15.2016
ChHeight_18mo	rs6913430	6	0.490696	42884	0.777135950510174	-0.00191914	4.648362618593e-16	-0.154361	15.3327
ChHeight_18mo	rs9375450	6	0.490858	42880	0.777721311736162	-0.00191416	5.30029448835795e-16	-0.154073	15.2757
ChHeight_18mo	rs853966	6	0.439884	42817	0.733665335756849	-0.00231896	1.4876473740795e-13	-0.141174	12.8275
ChHeight_18mo	rs1262557	6	0.466537	42838	0.506645278787274	-0.0045186	4.83170043246061e-14	-0.143772	13.3159
ChHeight_18mo	rs11769806	7	0.22421	42759	0.755781052647654	0.00253081	2.29456307251929e-15	-0.180782	14.6393
ChHeight_18mo	rs6957923	7	0.361326	42856	0.203208560791205	0.00897819	3.61409862639613e-15	-0.15564	14.442
ChHeight_18mo	rs6956228	7	0.359771	42880	0.186424505595665	0.00932931	4.39946634716046e-15	-0.155269	14.3566
ChHeight_18mo	rs13233381	7	0.19823	42877	0.712501856035923	0.00313715	3.90840895792403e-14	-0.180544	13.408
ChHeight_18mo	rs34287907	7	0.361252	42862	0.183480113452384	0.0093856	4.17830366646622e-15	-0.15529	14.379
ChHeight_18mo	rs7788661	7	0.361534	42877	0.20439910978807	0.00895363	4.80507311089813e-15	-0.154916	14.3183
ChHeight_18mo	rs11772260	7	0.359688	42876	0.15216578121454	0.0101086	4.27267638159978e-15	-0.155306	14.3693
ChHeight_18mo	rs4464860	7	0.361559	42697	0.177645413814483	0.00952339	2.79511705399185e-15	-0.156471	14.5536
ChHeight_18mo	rs35133514	7	0.362821	42860	0.16803819195453	0.00971708	1.41938430938003e-15	-0.157782	14.8479
ChHeight_18mo	rs34979424	7	0.389778	42682	0.174981042646229	0.00945661	1.04399880125749e-14	-0.151175	13.9813
ChHeight_18mo	rs42030	7	0.0815273	42636	0.0358096437102636	0.026053	3.50695343985926e-08	0.19188	7.45507
ChHeight_18mo	rs4272	7	0.207935	42761	0.0181635193117651	0.0196984	4.17061403126723e-11	0.154255	10.3798
ChHeight_18mo	rs42034	7	0.241291	42857	0.00770282444548754	0.0210285	4.52480637855548e-11	0.145706	10.3444
ChHeight_18mo	rs42035	7	0.241279	42855	0.00755666204862383	0.0210797	4.65478900704616e-11	0.145616	10.3321
ChHeight_18mo	rs2282979	7	0.276177	42891	0.00698763159743072	0.020386	1.09597336552381e-11	0.143944	10.9602
ChHeight_18mo	rs3731326	7	0.280904	42737	0.01629933928249	0.0180521	2.50772552234588e-10	0.133299	9.60072
ChHeight_18mo	rs4735764	8	0.297749	42828	0.12638368091337	-0.0112988	1.24968339721122e-12	0.146997	11.9032
ChHeight_18mo	rs10107588	8	0.288473	42874	0.113246033613211	-0.0118125	3.37675848642032e-12	0.145423	11.4715
ChHeight_18mo	rs17380738	8	0.288471	42883	0.108554792115424	-0.0119674	3.85922411594728e-12	0.145013	11.4135
ChWeight_03yo_hAdj	rs10127890	1	0.101951	33163	0.0888239331599406	0.0214572	1.45881426027535e-08	0.0980492	7.836
ChWeight_03yo_hAdj	rs17127673	1	0.101996	33163	0.0878799902368652	0.0215179	1.24569006285736e-08	0.0985023	7.90459
ChWeight_03yo_hAdj	rs17127677	1	0.101936	33163	0.0916536996123871	0.0212705	1.67170638026603e-08	0.0976489	7.77684
ChWeight_03yo_hAdj	rs12065503	1	0.135682	33162	0.19664911669775	0.0144366	2.76687793495915e-10	0.0968363	9.55801
ChWeight_03yo_hAdj	rs2767486	1	0.161546	33133	0.20674737301363	0.0131169	1.10027184529573e-11	0.0968408	10.9585
ChWeight_03yo_hAdj	rs1550383	2	0.245306	33077	0.853454160740163	0.0016415	7.46002014086309e-09	-0.0705215	8.12726
ChWeight_03yo_hAdj	rs4665720	2	0.256647	33024	0.341248695607248	0.00834867	4.85702121015109e-09	0.0704783	8.31363
ChWeight_03yo_hAdj	rs11675457	2	0.414975	33149	0.19524503555666	0.0100299	1.07671310744397e-16	0.0881972	15.9679
ChWeight_03yo_hAdj	rs1541984	2	0.414832	33152	0.185282755131402	0.0102589	1.16815372986133e-16	0.0881035	15.9325
ChWeight_03yo_hAdj	rs2384055	2	0.416217	33145	0.152694712991161	0.0110733	1.60509225809689e-16	0.0876845	15.7945
ChWeight_03yo_hAdj	rs6545800	2	0.436073	33155	0.234558405127824	0.00916201	1.17327549471955e-14	0.0816788	13.9306
ChWeight_03yo_hAdj	rs6722587	2	0.43573	33149	0.255654828752954	0.00876019	6.19441075076781e-15	0.0825249	14.208
ChWeight_03yo_hAdj	rs11676272	2	0.488029	33163	0.216130471051279	0.00943454	2.4688801049062e-18	0.0914566	17.6075
ChWeight_03yo_hAdj	rs563590	2	0.437736	33149	0.0670857068363251	-0.0141058	1.58525816962295e-12	-0.0747383	11.7999
ChWeight_03yo_hAdj	rs839652	2	0.416856	32997	0.029325133643275	-0.0169397	6.78890919795584e-11	-0.0696407	10.1682
ChWeight_03yo_hAdj	rs7563834	2	0.355026	33137	0.172027944443607	-0.0109013	5.30151506678458e-11	-0.0719121	10.2756
ChWeight_03yo_hAdj	rs4665768	2	0.227314	33159	0.969721221793202	0.000346066	5.34835221579877e-09	-0.0730469	8.27178
ChWeight_03yo_hAdj	rs13401333	2	0.350179	33163	0.156153959196478	-0.011347	7.28450423292329e-11	-0.0715636	10.1376
ChWeight_03yo_hAdj	rs13428823	2	0.350194	33163	0.154278710405005	-0.0113988	7.18455708792598e-11	-0.0715874	10.1436
ChWeight_03yo_hAdj	rs2384092	2	0.202535	32935	0.83965929505811	-0.001929	1.74847730661868e-09	-0.0787908	8.75734
ChWeight_03yo_hAdj	rs66493557	2	0.205823	33026	0.959890735389762	0.000475605	4.67057123205118e-10	-0.0808847	9.33063
ChWeight_03yo_hAdj	rs12624309	2	0.205272	32988	0.990792955254457	0.000109347	2.12143632045116e-10	-0.0826384	9.67337
ChWeight_03yo_hAdj	rs72853661	2	0.206644	33023	0.943215437079338	0.000672745	2.52284169520512e-10	-0.0820216	9.59811
ChWeight_03yo_hAdj	rs113256009	2	0.206317	33039	0.91240656189825	0.00103895	2.67620883433293e-10	-0.0819027	9.57248
ChWeight_03yo_hAdj	rs13420827	2	0.206227	32937	0.809721554136785	0.00227742	2.35353141686628e-10	-0.0822779	9.62828
ChWeight_03yo_hAdj	rs1459843	5	0.410907	33134	0.072423581867372	-0.0139728	7.84765676614132e-09	0.0615752	8.10526
ChWeight_03yo_hAdj	rs9264647	6	0.336789	33138	0.0983422182045928	0.0133991	3.0035163470698e-08	0.0616514	7.52237
ChWeight_03yo_hAdj	rs9264663	6	0.336879	33141	0.0989053991591853	0.0133764	3.2925319655294e-08	0.0614708	7.48247
ChWeight_03yo_hAdj	rs2524092	6	0.337173	33161	0.0934566049246128	0.01359	2.96026097559705e-08	0.0616449	7.52867
ChWeight_05yo_hAdj	rs73116325	12	0.366314	20810	0.00392898164567292	0.029081	5.29822014993026e-09	0.180926	8.27587
ChWeight_05yo_hAdj	rs56094641	16	0.412657	21055	1.90278623054345e-05	0.0414363	6.25172692775685e-13	0.214776	12.204
ChWeight_05yo_hAdj	rs62033400	16	0.403164	21051	9.13124509521155e-05	0.0380366	2.9627840637588e-13	0.218499	12.5283
ChWeight_05yo_hAdj	rs11075987	16	0.492522	21063	0.000519589061934351	0.0329995	2.12990385698212e-10	0.18605	9.67164
ChWeight_05yo_hAdj	rs17817497	16	0.401985	21063	0.000130322679288213	0.0371923	2.20191221148448e-13	0.219685	12.6572
ChWeight_05yo_hAdj	rs72805612	16	0.416576	21031	3.79000689445493e-05	0.0397696	3.51803373773703e-14	0.22533	13.4537
ChWeight_05yo_hAdj	rs72805613	16	0.417102	21044	5.04115440960937e-05	0.0391238	4.8294758644477e-14	0.224067	13.3161
ChWeight_05yo_hAdj	rs34974495	18	0.0315439	21050	0.000709071451100566	-0.0921817	3.25626694023001e-10	-0.526122	9.48728
ChWeight_05yo_hAdj	rs112970922	18	0.0315767	21044	0.000675522781715833	-0.0925136	2.79363716707828e-10	-0.527941	9.55383
ChWeight_05yo_hAdj	rs111846343	18	0.0315767	21044	0.000675553891405898	-0.0925133	2.79376582178656e-10	-0.52794	9.55381
ChWeight_05yo_hAdj	rs112246396	18	0.0315767	21044	0.000674574624052726	-0.092524	2.79177233945072e-10	-0.527949	9.55412
ChWeight_05yo_hAdj	rs112029255	18	0.0339116	21040	0.000198326158569364	-0.0979774	4.95073864445459e-10	-0.503549	9.30533
ChWeight_05yo_hAdj	rs113265974	18	0.0315767	21044	0.000526053603631223	-0.0943579	4.06321684226864e-10	-0.523063	9.39113
ChWeight_05yo_hAdj	rs7526762	1	0.43465	21056	0.000140278140395459	0.0365695	4.16619890080849e-08	0.16205	7.38026
ChWeight_05yo_hAdj	rs4650277	1	0.435339	21056	9.07130981962464e-05	0.0375734	2.67799646869727e-08	0.164261	7.57219
ChWeight_05yo_hAdj	rs12041852	1	0.435938	21050	5.86246145099107e-05	0.0385737	4.32553668865575e-08	0.161777	7.36396
ChWeight_05yo_hAdj	rs661691	1	0.227322	21056	1.18244241564366e-06	0.055495	5.18800038928961e-13	0.253759	12.285
ChWeight_07yo_hAdj	rs11675457	2	0.413163	21218	0.883164695877264	0.0014199	7.31964468901019e-09	0.120976	8.13551
ChWeight_07yo_hAdj	rs1541984	2	0.412994	21217	0.886098497188983	0.00138421	4.8849486182044e-09	0.122409	8.31114
ChWeight_07yo_hAdj	rs2384055	2	0.414431	21211	0.758829140008787	0.00296557	2.99433233386727e-09	0.124048	8.5237
ChWeight_07yo_hAdj	rs6545800	2	0.434873	21220	0.504048120871762	-0.00642541	4.11737098751397e-09	0.122412	8.38538
ChWeight_07yo_hAdj	rs6722587	2	0.434405	21221	0.51694102545688	-0.00623372	1.00679256570991e-09	0.127204	8.99706
ChWeight_07yo_hAdj	rs11676272	2	0.484644	21229	0.825864122997326	-0.00208709	3.20479312284941e-12	0.143116	11.4942
ChWeight_08yo_hAdj	rs2720293	12	0.296264	25830	0.000227059668781145	0.0349607	1.68042835085507e-10	0.208383	9.77458
ChWeight_08yo_hAdj	rs11836282	12	0.297548	25937	0.00053370343745683	0.0326631	1.30584009736792e-10	0.208506	9.88411
ChWeight_08yo_hAdj	rs2720302	12	0.370122	26367	4.11812950513853e-05	0.036195	4.40859293159131e-13	0.219906	12.3557
ChWeight_08yo_hAdj	rs2720301	12	0.350837	26394	6.88620583464261e-05	0.0356077	9.39290651618398e-12	0.209753	11.0272
ChWeight_08yo_hAdj	rs751675	12	0.36824	26423	1.55786564466116e-05	0.0381642	3.25162160120483e-13	0.221336	12.4879
ChWeight_08yo_hAdj	rs73116325	12	0.367806	26166	5.05649986521278e-05	0.036219	1.28469489983119e-11	0.208133	10.8912
ChWeight_08yo_hAdj	rs56094641	16	0.414134	26489	3.41821991417658e-07	0.0441821	8.10401059239933e-19	0.264178	18.0913
ChWeight_08yo_hAdj	rs62033400	16	0.40455	26485	2.22479500089845e-06	0.0411601	3.0053842076634e-18	0.260783	17.5221
ChWeight_08yo_hAdj	rs11075987	16	0.492565	26496	0.000107961770977648	0.0330832	2.73463897991227e-14	0.223786	13.5631
ChWeight_08yo_hAdj	rs17817497	16	0.403325	26496	2.21350241426649e-06	0.0411873	1.00577306300174e-18	0.264588	17.9975
ChWeight_08yo_hAdj	rs72805612	16	0.418191	26464	1.14870893724234e-06	0.0420737	1.68461242677405e-16	0.245364	15.7735
ChWeight_08yo_hAdj	rs72805613	16	0.418634	26479	1.55303055388597e-06	0.0415309	4.55617083799016e-16	0.241658	15.3414
ChWeight_08yo_hAdj	rs34974495	18	0.0313845	26478	0.000339429824827726	-0.087114	7.289537928557e-11	-0.544737	10.1373
ChWeight_08yo_hAdj	rs112970922	18	0.0314897	26469	0.000267220640119252	-0.0885031	5.45506588170374e-11	-0.547638	10.2632
ChWeight_08yo_hAdj	rs111846343	18	0.0314885	26470	0.000268757133277091	-0.0884672	5.47772215655659e-11	-0.547585	10.2614
ChWeight_08yo_hAdj	rs112246396	18	0.0314696	26470	0.000284964001119962	-0.0881251	5.49667424889205e-11	-0.547692	10.2599
ChWeight_08yo_hAdj	rs112029255	18	0.0337728	26471	0.000116842273816733	-0.0903685	4.1276227740835e-11	-0.53241	10.3843
ChWeight_08yo_hAdj	rs113265974	18	0.031505	26472	0.000260897549514686	-0.0886278	5.57314060463726e-11	-0.547219	10.2539
ChWeight_08yo_hAdj	rs1514177	1	0.418979	26493	0.00908071404918604	0.022408	2.19780926577366e-09	0.176887	8.65801
ChWeight_08yo_hAdj	rs7526762	1	0.434669	26488	0.00496306542192943	0.0240431	2.02343845776326e-10	0.187365	9.69391
ChWeight_08yo_hAdj	rs4650277	1	0.435473	26485	0.00410109660874812	0.0245554	2.95345256428459e-10	0.185581	9.52967
ChWeight_08yo_hAdj	rs2344508	1	0.435553	26479	0.00533641996114788	0.0238355	1.45723636357558e-10	0.188789	9.83647
ChWeight_08yo_hAdj	rs12041852	1	0.435593	26480	0.0046532887221875	0.0242106	1.24213843444683e-10	0.189487	9.90583
ChWeight_08yo_hAdj	rs10789396	1	0.425169	26179	0.00729457510254569	0.0231546	7.80980157821336e-09	0.171496	8.10736
ChWeight_08yo_hAdj	rs661691	1	0.229716	26487	3.74886671460539e-09	0.0597184	7.17959588544677e-18	0.300347	17.1439
ChWeight_08yo_hAdj	rs11675457	2	0.412589	26484	0.00907820530178186	0.0225694	9.09284943853065e-15	0.230994	14.0413
ChWeight_08yo_hAdj	rs1541984	2	0.412412	26482	0.0079691132742442	0.0229507	6.12209409068256e-15	0.232468	14.2131
ChWeight_08yo_hAdj	rs2384055	2	0.413843	26475	0.00750844493310875	0.0231123	4.17445707826291e-15	0.233785	14.3794
ChWeight_08yo_hAdj	rs10164466	2	0.334938	26481	0.00297337715266748	0.0268516	8.44306241909014e-12	0.212721	11.0735
ChWeight_08yo_hAdj	rs6545800	2	0.433547	26485	0.0143585306642574	0.0210739	1.00577306300174e-15	0.238016	14.9975
ChWeight_08yo_hAdj	rs4077679	2	0.35444	26484	0.00308219420806443	0.0264296	1.450440774305e-11	0.207759	10.8385
ChWeight_08yo_hAdj	rs6722587	2	0.432995	26483	0.0135562634422382	0.0212595	5.0780853966489e-16	0.240579	15.2943
ChWeight_08yo_hAdj	rs13035239	2	0.333674	26430	0.00374308767681439	0.0262623	1.34121993540537e-11	0.211097	10.8725
ChWeight_08yo_hAdj	rs11676272	2	0.484262	26496	0.00637455687011971	0.0231876	1.39990962656834e-19	0.265084	18.8539
ChWeight_08yo_hAdj	rs563590	2	0.441105	26488	0.225774557620488	-0.0103969	4.90343022791896e-12	-0.204273	11.3095
ChWeight_08yo_hAdj	rs839652	2	0.419367	26354	0.265504569523255	-0.00964334	6.04226822049881e-11	-0.195207	10.2188
ChWeight_08yo_hAdj	rs7563834	2	0.358244	26475	0.924634938972409	-0.000842444	9.05524072268359e-11	-0.198866	10.0431
ChWeight_08yo_hAdj	rs13401333	2	0.35311	26496	0.9525085878956	-0.000531514	4.92107518151407e-10	-0.191284	9.30794
ChWeight_08yo_hAdj	rs13428823	2	0.353129	26496	0.948441830400857	-0.000577102	4.81504111655668e-10	-0.191393	9.3174
ChWeight_08yo_hAdj	rs2384092	2	0.204324	26316	0.9731612330407	-0.000356958	4.97473555908694e-08	-0.199286	7.30323
ChWeight_08yo_hAdj	rs66493557	2	0.207515	26386	0.950408255387538	-0.000654843	1.20148955590944e-08	-0.206737	7.92028
ChWeight_08yo_hAdj	rs12624309	2	0.206888	26350	0.96325350952574	-0.000486075	1.74389366488781e-08	-0.204838	7.75848
ChWeight_08yo_hAdj	rs72853661	2	0.20846	26384	0.959357775902232	0.000535651	2.42024872496097e-08	-0.202022	7.61614
ChWeight_08yo_hAdj	rs113256009	2	0.208029	26393	0.929738039201773	-0.000927222	1.44410908441612e-08	-0.205338	7.8404
ChWeight_08yo_hAdj	rs13420827	2	0.207865	26320	0.779532093701107	-0.00294794	1.74457642731378e-08	-0.204458	7.75831
ChWeight_18mo_hAdj	rs7116989	11	0.28856	42790	0.776463419139363	0.00212506	1.36694172416232e-09	0.0376002	8.86425
ChWeight_18mo_hAdj	rs10765999	11	0.296319	42736	0.999598528191845	-3.73993e-06	7.03574353029843e-09	0.0356811	8.15269
ChWeight_18mo_hAdj	rs1866711	11	0.289883	42888	0.700167583756432	0.0028745	1.34663531658382e-08	0.0351523	7.87075
ChWeight_18mo_hAdj	rs10897266	11	0.422752	42862	9.9747036133962e-06	-0.030352	2.41384844964764e-07	-0.0294175	6.61729
ChWeight_18mo_hAdj	rs11231077	11	0.37956	42814	1.03848445500827e-06	-0.0341468	1.02185670749733e-07	-0.0308534	6.99061
ChWeight_18mo_hAdj	rs145775785	12	0.0174719	42783	0.00857195731977154	0.0679635	4.29239815970471e-11	0.141252	10.3673
ChWeight_18mo_hAdj	rs61974201	14	0.349177	42855	0.034692052903953	-0.0149829	1.8027271521548e-10	-0.0374746	9.74407
ChWeight_18mo_hAdj	rs10130188	14	0.347843	42890	0.0306662025599129	-0.0153451	4.17772645235548e-10	-0.0367379	9.37906
ChWeight_18mo_hAdj	rs10130286	14	0.347843	42890	0.0306662025599129	-0.0153451	4.17772645235548e-10	-0.0367379	9.37906
ChWeight_18mo_hAdj	rs11160470	14	0.34785	42869	0.0244196817672025	-0.0159812	4.0976041408257e-10	-0.0367641	9.38747
ChWeight_18mo_hAdj	rs61974222	14	0.347859	42868	0.0250668637245364	-0.0159097	3.81926682061358e-10	-0.036829	9.41802
ChWeight_18mo_hAdj	rs12882804	14	0.346447	42754	0.0285272560368248	-0.0155943	2.79885242474906e-10	-0.0372147	9.55302
ChWeight_18mo_hAdj	rs11070697	15	0.471877	42865	0.187799313339822	-0.0088712	2.36015214358704e-08	-0.0311537	7.62706
ChWeight_18mo_hAdj	rs12899680	15	0.473823	42843	0.164202588846675	-0.00937324	2.29292579464943e-08	-0.0311947	7.63961
ChWeight_18mo_hAdj	rs11632201	15	0.472478	42857	0.180854367034971	-0.00901476	1.33290746423134e-08	-0.0317105	7.8752
ChWeight_18mo_hAdj	rs4594227	15	0.448473	42832	0.154447186020603	-0.00965636	8.03914755465334e-10	-0.0345166	9.09479
ChWeight_18mo_hAdj	rs7182563	15	0.483373	42852	0.517298239029625	-0.00438001	2.48084710808892e-09	-0.0334141	8.6054
ChWeight_18mo_hAdj	rs4842921	15	0.372457	42864	0.253685123355265	-0.007959	3.43977471681937e-08	-0.0318715	7.46347
ChWeight_18mo_hAdj	rs6603002	15	0.48834	42881	0.84899982358259	0.00128681	9.54267207588334e-10	-0.0342493	9.02033
ChWeight_18mo_hAdj	rs6603003	15	0.488328	42881	0.844040332694044	0.00132959	9.50561017695725e-10	-0.034252	9.02202
ChWeight_18mo_hAdj	rs7162129	15	0.488528	42886	0.829712628028175	0.00145347	9.89623500738335e-10	-0.0342141	9.00453
ChWeight_18mo_hAdj	rs11857009	15	0.488621	42887	0.822693185518876	0.0015144	9.40199465592094e-10	-0.0342603	9.02678
ChWeight_18mo_hAdj	rs6603004	15	0.488587	42890	0.840240865834678	0.00136233	8.01124475024899e-10	-0.0344023	9.0963
ChWeight_18mo_hAdj	rs10152119	15	0.488412	42889	0.837392178248605	0.00138687	9.9891837038975e-10	-0.0342033	9.00047
ChWeight_18mo_hAdj	rs8029387	15	0.48847	42889	0.843118851681928	0.00133733	9.90284542191822e-10	-0.03421	9.00424
ChWeight_18mo_hAdj	rs11856122	15	0.48847	42889	0.843118269276259	0.00133734	9.9026174031009e-10	-0.03421	9.00425
ChWeight_18mo_hAdj	rs12911536	15	0.209593	42790	0.659734202914833	0.00366446	7.91917608997906e-09	-0.039786	8.10132
ChWeight_18mo_hAdj	rs12901010	15	0.20837	42686	0.635115921422841	0.00396444	3.95129995931068e-09	-0.0407388	8.40326
ChWeight_18mo_hAdj	rs111810144	16	0.034248	42893	0.214818163776716	0.0230854	3.37481522735054e-10	0.0968401	9.47175
ChWeight_18mo_hAdj	rs55690650	16	0.0347609	42893	0.324785027369111	0.0181888	3.65275042536369e-08	0.0842773	7.43738
ChWeight_18mo_hAdj	rs7534511	1	0.328132	42870	0.281900599851215	-0.00774862	1.29598507475514e-25	-0.0626601	24.8874
ChWeight_18mo_hAdj	rs1046011	1	0.320015	42848	0.189524779483433	-0.00950804	1.10866413897995e-25	-0.0631507	24.9552
ChWeight_18mo_hAdj	rs970468	1	0.403226	42749	0.10364754026628	-0.0112436	9.13482012457191e-24	-0.0577561	23.0393
ChWeight_18mo_hAdj	rs12409877	1	0.422614	42889	0.250085781016088	-0.00788114	4.88090101247577e-26	-0.0601518	25.3115
ChWeight_18mo_hAdj	rs10127890	1	0.102756	42893	0.205083159718607	0.0140646	1.01134655629712e-19	0.0838959	18.9951
ChWeight_18mo_hAdj	rs17127673	1	0.102802	42893	0.194809889496412	0.0143874	9.05941177549061e-20	0.0839938	19.0429
ChWeight_18mo_hAdj	rs17127677	1	0.102756	42893	0.20437134353992	0.0140867	9.58517397685646e-20	0.0839495	19.0184
ChWeight_18mo_hAdj	rs11208655	1	0.299713	42846	0.185929370967128	-0.00974385	6.63743070401907e-29	-0.0683604	28.178
ChWeight_18mo_hAdj	rs10889558	1	0.298783	42807	0.23500765015527	-0.00875833	8.28132826390744e-29	-0.0683189	28.0819
ChWeight_18mo_hAdj	rs12065503	1	0.136302	42890	0.0758175942823976	0.0174817	2.16720502996423e-22	0.0797162	21.6641
ChWeight_18mo_hAdj	rs1171274	1	0.299267	42848	0.188541518267129	-0.00968753	2.54624389075763e-28	-0.0676324	27.5941
ChWeight_18mo_hAdj	rs1171279	1	0.231865	42872	0.0925273235659378	0.013432	2.17170084334799e-19	0.0598015	18.6632
ChWeight_18mo_hAdj	rs12079616	1	0.0251341	42890	0.0889283020079174	0.0365929	2.17370197515711e-11	0.119771	10.6628
ChWeight_18mo_hAdj	rs1619754	1	0.29877	42829	0.197220928911894	-0.00950486	1.46926454936231e-28	-0.0679665	27.8329
ChWeight_18mo_hAdj	rs2767486	1	0.162038	42851	0.0229208120515746	0.0207992	4.35110937092768e-32	0.0896728	31.3614
ChWeight_18mo_hAdj	rs1171269	1	0.300702	42883	0.202880823957368	-0.0093725	1.56422779980909e-25	-0.0639377	24.8057
ChWeight_18mo_hAdj	rs1782763	1	0.371033	42821	0.128659541682078	-0.0106418	1.84289248897055e-28	-0.0644638	27.7345
ChWeight_18mo_hAdj	rs1782759	1	0.370935	42769	0.138187258201536	-0.0103899	1.37689239120096e-28	-0.0646542	27.8611
ChWeight_18mo_hAdj	rs1782760	1	0.300412	42763	0.206419632253865	-0.00931362	4.05415174406504e-25	-0.0634782	24.3921
ChWeight_18mo_hAdj	rs2767482	1	0.370952	42763	0.137433624443578	-0.0104112	1.59001052821486e-28	-0.0645876	27.7986
ChWeight_18mo_hAdj	rs1751486	1	0.300695	42746	0.209125022164523	-0.00925822	2.31366245970354e-25	-0.0638056	24.6357
ChWeight_18mo_hAdj	rs3790427	1	0.291595	42842	0.147348256017637	-0.0107722	5.4487891189019e-24	-0.062464	23.2637
ChWeight_18mo_hAdj	rs12028951	1	0.302607	42808	0.220466699227912	-0.0090259	1.23822623095899e-19	-0.0555466	18.9072
ChWeight_18mo_hAdj	rs3828035	1	0.28417	42318	0.164342920328619	-0.0104953	4.08883890267697e-24	-0.0635884	23.3884
ChWeight_18mo_hAdj	rs12035604	1	0.290236	42779	0.158125532120348	-0.0105286	1.10433287267005e-22	-0.0608186	21.9569
ChWeight_18mo_hAdj	rs11208682	1	0.489998	42892	0.0731122248577692	-0.0120679	2.24853680149163e-19	-0.0504113	18.6481
ChWeight_18mo_hAdj	rs10449758	1	0.489998	42892	0.0731122248577692	-0.0120679	2.24853680149163e-19	-0.0504113	18.6481
ChWeight_18mo_hAdj	rs10889568	1	0.291593	42868	0.192643783876502	-0.00969329	8.41782707660813e-23	-0.0608306	22.0748
ChWeight_18mo_hAdj	rs28844384	1	0.164763	42892	0.066700639840271	0.0166444	1.30677254057999e-13	0.0559113	12.8838
ChWeight_18mo_hAdj	rs59677396	1	0.164712	42890	0.0607575146105742	0.0170218	1.4900471117871e-13	0.0557801	12.8268
ChWeight_18mo_hAdj	rs57019700	1	0.164782	42893	0.0644006128175823	0.0167852	1.53780050788105e-13	0.0557418	12.8131
ChWeight_18mo_hAdj	rs60397347	1	0.164782	42893	0.0644006128175823	0.0167852	1.53780050788105e-13	0.0557418	12.8131
ChWeight_18mo_hAdj	rs56185479	1	0.164782	42893	0.0644006128175823	0.0167852	1.53780050788105e-13	0.0557418	12.8131
ChWeight_18mo_hAdj	rs75093445	1	0.164782	42893	0.0644006128175823	0.0167852	1.53780050788105e-13	0.0557418	12.8131
ChWeight_18mo_hAdj	rs61779725	1	0.164393	42879	0.0597406577616057	0.0171019	2.62905698758709e-13	0.0552475	12.5802
ChWeight_18mo_hAdj	rs72927249	1	0.164782	42893	0.0644006128175823	0.0167852	1.53780050788105e-13	0.0557418	12.8131
ChWeight_18mo_hAdj	rs79211391	1	0.16454	42871	0.0586651249491457	0.0171725	1.65844090127756e-13	0.0557064	12.7803
ChWeight_18mo_hAdj	rs72927256	1	0.164805	42893	0.0667513417875134	0.0166391	1.53815464030303e-13	0.0557402	12.813
ChWeight_18mo_hAdj	rs7339965	1	0.164412	42877	0.0649471353161688	0.0167657	1.224334253426e-13	0.0560201	12.9121
ChWeight_18mo_hAdj	rs2816978	1	0.410577	42791	0.85144225627318	0.00128626	4.43006399582243e-10	-0.0356366	9.35359
ChWeight_18mo_hAdj	rs2363571	1	0.456505	42867	0.727190170746155	0.00236055	1.19316361150368e-11	0.0381642	10.9233
ChWeight_18mo_hAdj	rs2249156	1	0.427119	42871	0.705274204897367	-0.00257748	1.15268329687998e-10	-0.0365356	9.93829
ChWeight_18mo_hAdj	rs2737676	1	0.410353	42807	0.906244951035536	0.000808954	4.43557574538748e-10	-0.0356374	9.35305
ChWeight_18mo_hAdj	rs10494808	1	0.44832	42879	0.854877132313804	0.00123931	2.25735571102145e-12	0.0395511	11.6464
ChWeight_18mo_hAdj	rs3762397	1	0.44832	42879	0.854877132313804	0.00123931	2.25735571102145e-12	0.0395511	11.6464
ChWeight_18mo_hAdj	rs7522937	1	0.448383	42844	0.866221980869177	0.00114187	5.043128102664e-12	0.0389267	11.2973
ChWeight_18mo_hAdj	rs2258280	1	0.414949	42827	0.756022986137893	0.00212957	4.47301134824449e-10	-0.035554	9.3494
ChWeight_18mo_hAdj	rs12075355	1	0.249497	42730	0.334505297498768	0.00754724	2.50092115378012e-08	-0.0362522	7.6019
ChWeight_18mo_hAdj	rs8117463	20	0.341575	42809	0.458990820464214	-0.00530316	2.17585524849044e-09	-0.0354995	8.66237
ChWeight_18mo_hAdj	rs853849	20	0.43658	42534	0.0134054068739626	0.0169214	2.04649175839632e-09	0.0339772	8.68899
ChWeight_18mo_hAdj	rs4854339	2	0.166962	42893	0.0197028930527954	-0.0211442	1.07092732537177e-08	-0.043095	7.97024
ChWeight_18mo_hAdj	rs13013021	2	0.167397	42892	0.0154376076837717	-0.0219475	1.29532873550859e-09	-0.0456975	8.88762
ChWeight_18mo_hAdj	rs4854344	2	0.167591	42893	0.0147706633533782	-0.0220814	1.43311156265747e-09	-0.045552	8.84372
ChWeight_18mo_hAdj	rs7564711	2	0.167541	42891	0.0136019132285567	-0.0223518	1.23046708269125e-09	-0.0457403	8.90993
ChWeight_18mo_hAdj	rs11127487	2	0.167591	42893	0.0147706633533782	-0.0220814	1.43311156265747e-09	-0.045552	8.84372
ChWeight_18mo_hAdj	rs10169736	2	0.167591	42893	0.0147706633533782	-0.0220814	1.43311156265747e-09	-0.045552	8.84372
ChWeight_18mo_hAdj	rs10865550	2	0.167591	42893	0.0147706633533782	-0.0220814	1.43311156265747e-09	-0.045552	8.84372
ChWeight_18mo_hAdj	rs7591067	2	0.167584	42892	0.0145851197764062	-0.0221232	1.60084763966195e-09	-0.0454186	8.79565
ChWeight_18mo_hAdj	rs7560246	2	0.16758	42893	0.0146713473733003	-0.0221038	1.58547719626222e-09	-0.0454302	8.79984
ChWeight_18mo_hAdj	rs7561317	2	0.168536	42893	0.0138950463563638	-0.0222223	2.31249072747825e-09	-0.0448505	8.63592
ChWeight_18mo_hAdj	rs10189761	2	0.16758	42893	0.014669996154497	-0.0221041	1.58613445776719e-09	-0.0454297	8.79966
ChWeight_18mo_hAdj	rs4854348	2	0.167615	42890	0.0166429381798998	-0.0216879	1.83125996093007e-09	-0.0452542	8.73725
ChWeight_18mo_hAdj	rs1320336	2	0.167926	42888	0.011266006565667	-0.0229446	2.52865744594542e-09	-0.0448395	8.59711
ChWeight_18mo_hAdj	rs13386517	2	0.167576	42891	0.0149375716002295	-0.0220454	1.55070790220155e-09	-0.0454582	8.80947
ChWeight_18mo_hAdj	rs13401686	2	0.167615	42887	0.0166302967954578	-0.0216911	1.71230056507409e-09	-0.0453376	8.76642
ChWeight_18mo_hAdj	rs13387091	2	0.167522	42893	0.0136886304794856	-0.0223313	1.36486595208318e-09	-0.0456152	8.86491
ChWeight_18mo_hAdj	rs55649310	2	0.222604	42872	0.338162153091875	0.00775542	3.51560440528298e-12	-0.0468037	11.454
ChWeight_18mo_hAdj	rs11692059	2	0.222446	42880	0.342709386874311	0.00768368	3.36976798584403e-12	-0.0468496	11.4724
ChWeight_18mo_hAdj	rs17791703	2	0.227414	42880	0.284802632976823	0.00859913	7.48686496236267e-13	-0.0479068	12.1257
ChWeight_18mo_hAdj	rs17735622	2	0.227421	42883	0.277699437463727	0.0087268	7.49721559687471e-13	-0.0479043	12.1251
ChWeight_18mo_hAdj	rs1550383	2	0.246302	42797	0.114393144953931	0.0123959	9.98849369936504e-13	-0.0465289	12.0005
ChWeight_18mo_hAdj	rs62144583	2	0.227608	42828	0.155437212738233	0.0114263	2.23975234517842e-13	-0.0490217	12.6498
ChWeight_18mo_hAdj	rs4665720	2	0.254453	42725	0.0931000683882691	0.013027	6.02975963285556e-12	0.0443482	11.2197
ChWeight_18mo_hAdj	rs11125803	2	0.264817	42620	0.0619441075076782	0.0143239	2.42946138179201e-10	0.0403752	9.61449
ChWeight_18mo_hAdj	rs11675457	2	0.413277	42878	0.308651932164582	0.00697645	1.07969228970169e-27	0.0621092	26.9667
ChWeight_18mo_hAdj	rs1541984	2	0.413135	42877	0.311277693657709	0.00693888	1.1460405911366e-27	0.0620799	26.9408
ChWeight_18mo_hAdj	rs2384055	2	0.414602	42864	0.292605173135757	0.00721049	3.79053053942887e-28	0.0626361	27.4213
ChWeight_18mo_hAdj	rs10164466	2	0.336424	42867	0.799878640881576	-0.00181507	3.84149259178758e-18	0.0516686	17.4155
ChWeight_18mo_hAdj	rs6545800	2	0.434945	42879	0.0932159006340173	0.0114318	2.25423921215244e-28	0.0625236	27.647
ChWeight_18mo_hAdj	rs74752557	2	0.231771	42665	0.776272140282572	-0.00229033	3.43795351309492e-12	0.0466068	11.4637
ChWeight_18mo_hAdj	rs4077679	2	0.355738	42870	0.603027336402094	0.00367534	1.38739460060306e-18	0.0516754	17.8578
ChWeight_18mo_hAdj	rs6722587	2	0.434563	42873	0.0761096982307971	0.0120829	3.65342334883455e-29	0.0634615	28.4373
ChWeight_18mo_hAdj	rs13035239	2	0.335296	42792	0.876242068743333	-0.00111686	2.17470323244035e-18	0.0521365	17.6626
ChWeight_18mo_hAdj	rs11676272	2	0.486758	42893	0.0771311843483604	0.011922	7.69839161929439e-35	0.0690188	34.1136
ChWeight_18mo_hAdj	rs563590	2	0.438449	42875	0.0383839796169184	-0.0141151	6.54485455870439e-19	-0.0503173	18.1841
ChWeight_18mo_hAdj	rs839652	2	0.417397	42674	0.0399171935651718	-0.0141338	5.13570417848355e-18	-0.0494529	17.2894
ChWeight_18mo_hAdj	rs7563834	2	0.355516	42863	0.0505754784570604	-0.013813	1.30707347072171e-15	-0.0469372	14.8837
ChWeight_18mo_hAdj	rs4665768	2	0.227272	42887	0.496960647614626	-0.00548092	5.72400494134464e-10	-0.0415599	9.2423
ChWeight_18mo_hAdj	rs13401333	2	0.350412	42891	0.0530456774272182	-0.0136978	1.9315235160838e-14	-0.0450455	13.7141
ChWeight_18mo_hAdj	rs13428823	2	0.350453	42893	0.0533789467220365	-0.013679	1.74702854076343e-14	-0.0451225	13.7577
ChWeight_18mo_hAdj	rs2384092	2	0.203043	42592	0.164351624070935	-0.0117297	3.54617366276705e-10	-0.0439723	9.45024
ChWeight_18mo_hAdj	rs66493557	2	0.20644	42705	0.258164189379156	-0.00946028	1.42922301138609e-09	-0.0420804	8.8449
ChWeight_18mo_hAdj	rs12624309	2	0.205885	42650	0.276781462634327	-0.00911688	2.06947412161572e-09	-0.0417451	8.68414
ChWeight_18mo_hAdj	rs72853661	2	0.207241	42704	0.288906957025051	-0.00886052	2.40131978981307e-09	-0.041438	8.61955
ChWeight_18mo_hAdj	rs113256009	2	0.206911	42714	0.302198288233367	-0.00862481	2.75055288775527e-09	-0.0413071	8.56058
ChWeight_18mo_hAdj	rs13420827	2	0.206816	42579	0.320557542505565	-0.00831638	2.86503544999216e-09	-0.0413239	8.54287
ChWeight_18mo_hAdj	rs2848657	2	0.106206	42733	0.00553439305903835	0.0305604	4.29299121739168e-09	0.0537623	8.36724
ChWeight_18mo_hAdj	rs1220123	2	0.106284	42744	0.00574579331899357	0.0304149	3.29420028175698e-09	0.0541432	8.48225
ChWeight_18mo_hAdj	rs13100173	3	0.486667	42414	0.0744731973905989	0.0121149	2.94815287571194e-09	0.033394	8.53045
ChWeight_18mo_hAdj	rs2174633	4	0.265335	42844	0.0994008275315898	0.0126881	2.22366827474777e-09	0.0381675	8.65293
ChWeight_18mo_hAdj	rs2724475	4	0.263027	42893	0.105706087845578	0.0124788	1.16818062790465e-09	0.0388981	8.93249
ChWeight_18mo_hAdj	rs2724486	4	0.26308	42890	0.0985167326858883	0.0127437	1.15347981736964e-09	0.0389122	8.93799
ChWeight_18mo_hAdj	rs2724472	4	0.263248	42876	0.0993665016302484	0.0127096	1.48344005019976e-09	0.0386477	8.82873
ChWeight_18mo_hAdj	rs724577	4	0.263027	42893	0.100574758866567	0.0126659	1.29110035340005e-09	0.0387951	8.88904
ChWeight_18mo_hAdj	rs2610990	4	0.261412	42848	0.0681584962151446	0.0141062	1.23836879522855e-09	0.038941	8.90715
ChWeight_18mo_hAdj	rs16896276	4	0.261295	42829	0.0649531174438762	0.0142777	1.55775803483161e-09	0.0387157	8.8075
ChWeight_18mo_hAdj	rs2011603	4	0.262913	42824	0.0720310922018377	0.013891	1.08958220060524e-09	0.0390117	8.96274
ChWeight_18mo_hAdj	rs4077349	5	0.331292	42775	0.341492366352606	0.00680446	4.16293854786146e-15	0.046586	14.3806
ChWeight_18mo_hAdj	rs4078169	5	0.332024	42762	0.320904642468926	0.00709579	1.41318819200706e-14	0.0456376	13.8498
ChWeight_18mo_hAdj	rs11952256	5	0.334069	42843	0.250685376194384	0.00819359	1.29181403900306e-15	0.047314	14.8888
ChWeight_18mo_hAdj	rs34639000	5	0.25702	42806	0.503862456884149	0.00517903	2.04079790606699e-19	0.0579229	18.6902
ChWeight_18mo_hAdj	rs4869277	5	0.302761	42768	0.269851601602416	0.00812155	2.19836600699139e-24	0.0622235	23.6579
ChWeight_18mo_hAdj	rs6868724	5	0.371951	42804	0.17999108710122	-0.00936005	1.23993808595095e-12	-0.0411251	11.9066
ChWeight_18mo_hAdj	rs6864629	5	0.37189	42811	0.175283888881894	-0.00946223	1.53285120636293e-12	-0.0409551	11.8145
ChWeight_18mo_hAdj	rs13158163	5	0.302515	42821	0.252387591940121	0.00842415	1.8113400926196e-24	0.0623356	23.742
ChWeight_18mo_hAdj	rs1995186	5	0.267783	42779	0.321818495365288	0.00756661	2.9410336937473e-23	0.0629477	22.5315
ChWeight_18mo_hAdj	rs112799558	5	0.269881	42793	0.21071866200612	0.00953304	5.57442401543748e-23	0.062373	22.2538
ChWeight_18mo_hAdj	rs183885	5	0.343173	42802	0.352522628764402	0.00664858	2.15030467934025e-12	0.0416743	11.6675
ChWeight_18mo_hAdj	rs271947	5	0.343192	42807	0.349517560096529	0.00668979	2.07969668710369e-12	0.0416995	11.682
ChWeight_18mo_hAdj	rs11135456	5	0.269548	42818	0.253083597975499	0.00870629	4.94994074396936e-23	0.0624568	22.3054
ChWeight_18mo_hAdj	rs9264647	6	0.334904	42860	0.832937279317493	0.00150942	2.39601757876679e-08	0.0331916	7.62051
ChWeight_18mo_hAdj	rs9264663	6	0.334982	42862	0.822708908533961	0.00160335	2.12887420611953e-08	0.0333135	7.67185
ChWeight_18mo_hAdj	rs2524092	6	0.335152	42891	0.861585338474496	0.00124721	2.78772545060248e-08	0.0330226	7.55475
ChWeight_18mo_hAdj	rs13192864	6	0.157042	42858	0.218006277845025	0.011457	1.01622529314919e-09	0.0472075	8.99301
ChWeight_18mo_hAdj	rs9394563	6	0.456681	42891	0.0301161880307882	-0.0146969	4.48848729274599e-12	-0.0389849	11.3479
ChWeight_18mo_hAdj	rs7752405	6	0.456666	42888	0.0301272852885519	-0.0146963	4.55722005588647e-12	-0.0389739	11.3413
ChWeight_18mo_hAdj	rs6921666	6	0.403591	42890	0.131887610526801	0.0103724	8.23758672761877e-13	0.0409519	12.0842
ChWeight_18mo_hAdj	rs12202871	6	0.365181	42876	0.00404529315857755	-0.0201623	1.39187424883929e-13	-0.0431224	12.8564
ChWeight_18mo_hAdj	rs9380825	6	0.364108	42817	0.00352646842785679	-0.020483	1.16627240508197e-13	-0.0432986	12.9332
ChWeight_18mo_hAdj	rs179269	6	0.37394	42813	0.0165089708235872	-0.0167121	5.02921265850445e-16	-0.0469919	15.2985
ChWeight_18mo_hAdj	rs9398172	6	0.282697	42848	0.702564174076935	0.00288145	3.67485324290476e-09	-0.0369918	8.43476
ChWeight_18mo_hAdj	rs1055710	9	0.359546	42893	0.441832847697914	0.00541513	1.34586035405595e-11	0.0394792	10.871
ChWeight_18mo_hAdj	rs10821157	9	0.370124	42887	0.573280276120415	0.00393606	4.57825522791694e-11	0.0381447	10.3393
ChWeight_18mo_hAdj	rs28457693	9	0.130628	42824	0.0608821526966276	0.018849	3.75664364614459e-13	0.0605595	12.4252
ChWeight_18mo_hAdj	rs16909898	9	0.122316	42893	0.037486940768883	0.021495	2.73023481294007e-11	0.0570496	10.5638
ChWeight_18mo_hAdj	rs80155616	9	0.118794	42822	0.0559525649454868	0.0200184	1.04616455102201e-11	0.0590403	10.9804
ChWeight_18mo_hAdj	rs28446321	9	0.118989	42882	0.0374127817098033	0.0217851	2.87474945293637e-12	0.0606026	11.5414
ChWeight_18mo_hAdj	rs113154802	9	0.119709	42812	0.0445317743747418	0.0209881	1.57362048324046e-12	0.0612116	11.8031
