Trait	rsid	chr	af	n	vP	mP	P
ChAsqLanguQ04	rs3972375	11	0.477346	58798	2.75080623470522e-07	8.72589534655347e-06	6.56054
ChAsqLanguQ04	rs144021295	2	0.0135368	58729	4.98459640587172e-06	6.43457696632001e-06	5.30237
ChAsqLanguQ04	rs62158159	2	0.045412	58696	7.37309789144567e-08	6.79688622179168e-07	7.13235
ChAsqLanguQ04	rs62159660	2	0.0454747	58692	8.78536885233734e-08	7.72093684380126e-07	7.05624
ChAsqLanguQ04	rs62159665	2	0.0466485	58705	7.77391879939408e-08	9.91813464912126e-07	7.10936
ChAsqLanguQ04	rs62159666	2	0.0469665	58744	6.05717330958903e-08	7.12032799999203e-07	7.21773
ChAsqLanguQ04	rs28675349	2	0.28483	58642	3.92202177017543e-06	5.27411991616707e-06	5.40649
ChAsqLanguQ04	rs80287038	3	0.0217813	58743	4.92107518151407e-06	1.13754870402869e-06	5.94403
ChAsqLanguQ04	rs35794351	7	0.412328	58719	4.30496871794197e-06	4.91179236843265e-06	5.36603
ChAsqLanguQ04	rs4507646	7	0.466777	57911	8.70702918161021e-06	5.49958602869829e-06	5.25967
ChAsqLanguQ04	rs55727653	7	0.410738	58457	8.24498747040172e-06	8.14029230507511e-06	5.08936
ChAsqLanguQ04	rs11762360	7	0.410788	58400	9.40524255069109e-06	9.21637208825685e-06	5.03544
ChAsqLanguQ05	rs117488952	11	0.0227497	48748	4.38631684825855e-06	8.56426308718504e-06	5.3579
ChAsqLanguQ05	rs57696383	16	0.475677	47959	9.18903699507692e-06	4.72922525349711e-07	6.32521
ChAsqLanguQ05	rs111628957	3	0.0711671	48899	8.23758672761876e-07	3.14970587129596e-07	6.50173
ChAsqLanguQ05	rs6556112	5	0.301977	48974	3.69207062517286e-06	5.17320870865745e-06	5.43273
ChAsqLanguQ05	rs6556114	5	0.31226	48860	3.65620046878918e-06	5.91071473797858e-06	5.43697
ChAsqLanguQ05	rs6972707	7	0.424309	48995	2.86807167211737e-06	2.50582074315003e-06	5.60105
ChAsqLanguQ06	rs150162468	12	0.0692602	39265	5.49161395552637e-07	3.78887257849515e-06	6.2603
ChAsqLanguQ06	rs12755289	1	0.0421025	39962	6.0870938822517e-06	8.67700804272778e-06	5.21559
ChAsqLanguQ06	rs4850941	2	0.443954	39949	9.23272712298937e-06	1.36489737964495e-06	5.8649
ChAsqLanguQ06	rs4851350	2	0.443873	39945	8.84260040918079e-06	1.34890076198555e-06	5.87002
ChAsqLanguQ06	rs4851351	2	0.443955	39950	9.24102191136391e-06	1.36744541688218e-06	5.86409
ChAsqLanguQ06	rs12712077	2	0.443944	39951	9.08657048958146e-06	1.33727276554913e-06	5.87378
ChAsqLanguQ06	rs2946597	2	0.443945	39952	9.00160600076271e-06	1.32528718947304e-06	5.87769
ChAsqLanguQ06	rs4851353	2	0.443955	39950	9.04065715519658e-06	1.33118985745115e-06	5.87576
ChAsqLanguQ06	rs2176189	2	0.0651678	39897	8.76475942329968e-07	2.27577855141477e-07	6.64287
ChAsqLanguQ06	rs6755470	2	0.0599304	39938	8.68100487283549e-06	1.26240876146705e-06	5.8988
ChAsqLanguQ06	rs62303388	4	0.0301159	39846	4.66573426396571e-07	5.91207588704512e-06	6.33108
ChAsqLanguQ06	rs12198325	6	0.489067	39972	6.89937896068295e-08	4.929353909247e-07	7.16119
ChAsqLanguQ06	rs12700814	7	0.470609	39740	1.67556006146889e-06	2.66882440271919e-06	5.77584
ChAsqLanguQ06	rs77905121	7	0.0477662	39976	7.73428194913524e-06	8.09375399266997e-06	5.11158
ChAsqLanguQ06	rs77502008	7	0.0473522	39977	5.46625641467975e-06	5.8442663432302e-06	5.26231
ChAsqLanguQ06	rs150521342	7	0.0473761	39978	5.50452692012158e-06	5.6957379495978e-06	5.25928
ChAsqLanguQ06	rs17551392	7	0.047762	39969	3.7186902062572e-06	3.66395389391414e-06	5.43605
ChAsqLanguQ06	rs76532640	7	0.0473761	39978	4.65371732565491e-06	4.80529439778774e-06	5.3322
ChAsqLanguQ06	rs78182689	7	0.0473874	39979	4.26658104890695e-06	4.2177418995016e-06	5.37492
ChAsqLanguQ06	rs77046944	7	0.0473433	39974	5.25387819549734e-06	4.95838220191034e-06	5.30466
ChAsqLanguQ07	rs73598658	10	0.0832217	28376	6.16595001861482e-06	5.64819913551078e-07	6.24809
ChAsqLanguQ07	rs10903570	10	0.082884	28377	6.20883330432483e-06	6.30187812655385e-07	6.20053
ChAsqLanguQ07	rs248836	16	0.437556	28041	2.05977603060491e-06	2.34887551078781e-06	5.68618
ChAsqLanguQ07	rs1646041	16	0.43758	28036	1.98170953959368e-06	2.16820329460462e-06	5.70296
ChAsqLanguQ07	rs7190119	16	0.488289	28179	6.44851924075767e-06	3.67857826097404e-07	6.43432
ChAsqLanguQ07	rs12449175	16	0.463744	28271	6.93904973073164e-06	1.06694000662111e-06	5.97186
ChAsqLanguQ07	rs12095931	1	0.100857	28228	8.79954061190715e-06	4.81260258503335e-07	6.31762
ChAsqMotorQ04	rs10774847	12	0.393376	58495	7.93980799142901e-09	1.87214723142088e-08	8.10019
ChAsqMotorQ04	rs2048711	12	0.393226	58516	8.24346882745888e-09	2.19189628207401e-08	8.08389
ChAsqMotorQ04	rs7297772	12	0.393226	58516	8.24346882745888e-09	2.19189628207401e-08	8.08389
ChAsqMotorQ04	rs1882136	12	0.435384	58817	9.05878599510936e-07	4.45235720742377e-06	6.04293
ChAsqMotorQ04	rs9516426	13	0.12197	57379	9.6917008394729e-06	5.74142901856268e-06	5.24098
ChAsqMotorQ04	rs11621377	14	0.440731	58758	2.58982250216824e-07	1.87456282432838e-06	6.58673
ChAsqMotorQ04	rs709859	14	0.436532	58738	3.57026128039015e-07	2.25688796166471e-06	6.4473
ChAsqMotorQ04	rs117936764	15	0.0213081	58663	3.47176243729092e-07	5.3647563192465e-06	6.45945
ChAsqMotorQ04	rs11871688	17	0.452419	58458	1.67791516801401e-06	4.83960592777833e-06	5.77523
ChAsqMotorQ04	rs11150859	17	0.452435	58457	1.62356619462924e-06	4.63361557521178e-06	5.78953
ChAsqMotorQ04	rs11657587	17	0.452499	58452	9.86461181760821e-07	3.05449908941962e-06	6.00592
ChAsqMotorQ04	rs111575866	18	0.0665905	58199	9.28645588559902e-07	3.71783404476678e-07	6.42971
ChAsqMotorQ04	rs6741951	2	0.303714	58774	7.41685861011882e-06	1.77635597037373e-06	5.75047
ChAsqMotorQ04	rs17049712	2	0.303575	58768	7.81609807150223e-06	2.10508676121081e-06	5.67673
ChAsqMotorQ04	rs1641155	2	0.325124	58656	8.94746483052804e-06	1.146304507118e-06	5.9407
ChAsqMotorQ04	rs2291310	2	0.0792684	58857	2.65711285193512e-06	9.36526347533403e-06	5.57559
ChAsqMotorQ04	rs2291311	2	0.0792769	58857	2.57246811196108e-06	8.7024192070392e-06	5.58965
ChAsqMotorQ04	rs10497520	2	0.141895	58857	4.42608754779716e-07	7.97976312972807e-06	6.35398
ChAsqMotorQ04	rs13095201	3	0.327634	58132	5.06244129391282e-06	4.36475629497672e-06	5.36004
ChAsqMotorQ04	rs7689113	4	0.164681	57165	1.40889945132916e-06	6.71227900134854e-06	5.85112
ChAsqMotorQ04	rs138683782	4	0.164792	57172	9.33963706440415e-07	4.60129417558385e-06	6.02967
ChAsqMotorQ04	rs6825374	4	0.164707	57156	9.47414440580608e-07	4.74525985720032e-06	6.02346
ChAsqMotorQ04	rs17671289	4	0.250386	58322	1.39059287546545e-06	3.67104746691473e-07	6.43521
ChAsqMotorQ04	rs62307001	4	0.264637	57866	3.3553667764584e-06	2.54325554469068e-06	5.59461
ChAsqMotorQ04	rs115798617	4	0.0138057	58780	1.14646288587837e-06	6.00509662762742e-06	5.94064
ChAsqMotorQ04	rs79008024	4	0.0138745	58813	4.73369203348302e-07	4.1038360292056e-06	6.3248
ChAsqMotorQ04	rs9477331	6	0.220681	58725	5.61733080161956e-06	2.75055288775527e-06	5.56058
ChAsqMotorQ04	rs2328037	6	0.22069	58725	5.72954322245841e-06	2.81637188347179e-06	5.55031
ChAsqMotorQ04	rs9396754	6	0.22069	58725	5.72954322245841e-06	2.81637188347179e-06	5.55031
ChAsqMotorQ04	rs9367945	6	0.290224	58503	1.57586859250352e-06	7.42950706456505e-07	6.12904
ChAsqMotorQ04	rs9477348	6	0.217209	58766	2.7316182148603e-06	9.18121166931535e-07	6.0371
ChAsqMotorQ04	rs9477349	6	0.216997	58782	8.99476870071262e-06	3.39218867575582e-06	5.46952
ChAsqMotorQ05	rs188955920	12	0.0113139	48922	7.87571514773769e-10	8.57965846494521e-10	9.10371
ChAsqMotorQ05	rs13140528	4	0.288648	48961	1.63892847198046e-06	2.33663027815284e-06	5.78544
ChAsqMotorQ05	rs2055943	4	0.281972	48941	2.12515200927689e-06	2.38803121858803e-06	5.67261
ChAsqMotorQ05	rs2055942	4	0.282944	48939	2.74549084583809e-06	3.05056301096942e-06	5.56138
ChAsqMotorQ05	rs79017472	4	0.0353895	48927	4.93639609400648e-06	4.10534821681013e-06	5.38665
ChAsqMotorQ05	rs79703057	4	0.0387403	48980	6.29216351287986e-06	6.13931617305747e-06	5.21188
ChAsqMotorQ05	rs78767288	4	0.0387693	48982	4.76727275076558e-06	4.53043600368334e-06	5.34386
ChAsqMotorQ05	rs72964136	4	0.0388235	48991	5.16142950373301e-06	4.69310207259057e-06	5.32854
ChAsqMotorQ05	rs77985452	4	0.0387724	48991	5.24577911837549e-06	4.93673709994604e-06	5.30656
ChAsqMotorQ05	rs72964141	4	0.0388839	48992	4.05798091330513e-06	3.72100282722989e-06	5.42934
ChAsqMotorQ05	rs74968689	4	0.0249765	48866	3.81997042036331e-06	1.99415999687554e-06	5.70024
ChAsqMotorQ05	rs2504681	6	0.0317877	48997	3.18610438275558e-06	5.48087629464872e-06	5.49674
ChAsqMotorQ05	rs2504678	6	0.0317877	48997	3.18610438275558e-06	5.48087629464872e-06	5.49674
ChAsqMotorQ05	rs2465032	6	0.0317883	48996	3.18038722271287e-06	5.46462041187975e-06	5.49752
ChAsqMotorQ05	rs77917810	6	0.0315382	49004	5.34761336467292e-06	9.73307343291033e-06	5.27184
ChAsqMotorQ05	rs74756095	6	0.202252	48578	4.61615092890341e-06	2.19315840223267e-06	5.65893
ChAsqMotorQ05	rs112047994	6	0.213077	48940	2.10891948780242e-06	9.69303988992183e-07	6.01354
ChAsqMotorQ05	rs74707227	6	0.212429	48941	1.54796094767092e-06	7.34361668666506e-07	6.13409
ChAsqMotorQ05	rs76526531	6	0.213072	48953	1.78891621255991e-06	8.42092889005092e-07	6.07464
ChAsqMotorQ05	rs76247667	6	0.212994	48952	2.23434380458597e-06	1.09529221285924e-06	5.96047
ChAsqMotorQ05	rs75166324	6	0.212899	48948	2.19801170081011e-06	1.04983246801098e-06	5.97888
ChAsqMotorQ05	rs77547592	6	0.212841	48931	2.26782740962195e-06	1.09979059136123e-06	5.95869
ChAsqMotorQ05	rs11751901	6	0.220155	48961	2.37760661291718e-06	8.09897391123326e-07	6.09157
ChAsqMotorQ05	rs79722571	6	0.212708	48931	8.69901340334003e-07	3.29761538015919e-07	6.4818
ChAsqMotorQ05	rs57116726	6	0.21278	48945	7.31256938677986e-07	2.62337273161069e-07	6.58114
ChAsqMotorQ05	rs58012581	6	0.21278	48945	7.31256938677986e-07	2.62337273161069e-07	6.58114
ChAsqMotorQ05	rs77221747	6	0.21278	48945	7.31256938677986e-07	2.62337273161069e-07	6.58114
ChAsqMotorQ05	rs72887339	6	0.374012	48949	9.67965770664128e-06	5.74619023804383e-06	5.24062
ChAsqMotorQ05	rs12191902	6	0.374019	48948	9.52423274988686e-06	5.64014150376627e-06	5.24871
ChAsqMotorQ05	rs4279420	6	0.212746	48941	7.67962475723861e-07	2.72809820608802e-07	6.56414
ChAsqMotorQ05	rs12212564	6	0.374012	48949	9.67965770664128e-06	5.74619023804383e-06	5.24062
ChAsqMotorQ05	rs61338445	6	0.212746	48941	7.67962475723861e-07	2.72809820608802e-07	6.56414
ChAsqMotorQ05	rs4523073	6	0.398685	48882	6.03906911523952e-06	2.49425010975094e-06	5.60306
ChAsqMotorQ05	rs72887374	6	0.398672	48861	7.06431408377269e-06	3.04761428105256e-06	5.51604
ChAsqMotorQ05	rs62419361	6	0.398698	48864	6.78656479667537e-06	2.9010819702941e-06	5.53744
ChAsqMotorQ05	rs62419362	6	0.39867	48870	6.42732114145134e-06	2.7230147886952e-06	5.56495
ChAsqMotorQ05	rs75087573	6	0.237376	48857	9.19284632156794e-07	2.18152402394714e-07	6.66124
ChAsqMotorQ05	rs6902676	6	0.398609	48831	8.03618636874628e-06	3.41200767969499e-06	5.46699
ChAsqMotorQ05	rs12214072	6	0.398149	48831	9.22805129663802e-06	3.7259755438925e-06	5.42876
ChAsqMotorQ05	rs12214364	6	0.4087	48549	4.96317970204969e-06	1.92761368103751e-06	5.71498
ChAsqMotorQ05	rs2551759	7	0.022991	48867	7.75496781989659e-06	3.11745361303127e-06	5.5062
ChAsqMotorQ05	rs56350727	8	0.252954	48671	1.00500911352278e-06	2.14210127645532e-07	6.66916
ChAsqMotorQ05	rs35303095	8	0.252849	48705	6.74528027697922e-07	1.35219709941444e-07	6.86896
ChAsqMotorQ05	rs13276843	8	0.252813	48708	6.25518271451312e-07	1.25178574034078e-07	6.90247
ChAsqMotorQ06	rs9538095	13	0.422071	39921	1.17287032969349e-06	3.17153858937637e-06	5.93075
ChAsqMotorQ06	rs1159356	13	0.420709	39935	1.35487740437975e-06	3.96287158999436e-06	5.8681
ChAsqMotorQ06	rs1119203	13	0.420705	39933	1.31307641269118e-06	3.69743033498097e-06	5.88171
ChAsqMotorQ06	rs9538102	13	0.420657	39934	1.34418795668368e-06	3.72254537348914e-06	5.87154
ChAsqMotorQ06	rs4243006	13	0.420657	39934	1.34338346966036e-06	3.72134556003871e-06	5.8718
ChAsqMotorQ06	rs4415915	13	0.420548	39930	1.30409731276443e-06	3.93967140259104e-06	5.88469
ChAsqMotorQ06	rs7492039	13	0.420614	39881	1.55413950497502e-06	3.53761038377587e-06	5.80851
ChAsqMotorQ06	rs9538106	13	0.420781	39902	1.65611312863699e-06	2.82579075542105e-06	5.78091
ChAsqMotorQ06	rs2457196	13	0.0637709	39932	4.30407668026322e-06	3.27318083765677e-06	5.48503
ChAsqMotorQ06	rs816972	13	0.0635863	39930	3.28813772612168e-06	2.29884664155469e-06	5.63849
ChAsqMotorQ06	rs816973	13	0.0637459	39932	3.64476892788894e-06	3.19021534743847e-06	5.49618
ChAsqMotorQ06	rs1771140	13	0.0637786	39935	4.0784956177127e-06	3.19786407393655e-06	5.49514
ChAsqMotorQ06	rs1417456	13	0.0637786	39935	4.0784956177127e-06	3.19786407393655e-06	5.49514
ChAsqMotorQ06	rs1340782	13	0.0637928	39934	4.53669935790304e-06	3.32353303577478e-06	5.4784
ChAsqMotorQ07	rs12419599	11	0.0487289	28361	8.51628133689374e-07	1.95411446708216e-06	6.06975
ChAsqMotorQ07	rs1557429	11	0.0285996	28392	3.23854547717797e-06	5.10622561629957e-06	5.48965
ChAsqMotorQ07	rs11912781	22	0.0809519	28344	1.86895997165149e-07	1.04068668968716e-06	6.7284
ChAsqMotorQ07	rs7805988	7	0.31868	28185	4.75236731166337e-06	3.87516322445222e-06	5.41171
ChEasActivQ05	rs3095155	6	0.129636	50746	0.436059748529573	2.80898875093363e-09	8.55145
ChEasActivQ05	rs2596547	6	0.130484	50788	0.333491677278253	6.21684443370724e-09	8.20643
ChEasActivQ05	rs3128986	6	0.129249	50774	0.347785122596417	2.22822991225974e-08	7.65204
ChEasActivQ05	rs3094013	6	0.129194	50753	0.370840365120088	2.15070081658473e-08	7.66742
ChEasActivQ05	rs3094012	6	0.132162	50718	0.31246976443337	3.74420828565057e-08	7.42664
ChEasActivQ05	rs3130908	6	0.128609	50774	0.296539123805372	2.10576547039534e-08	7.67659
ChEasActivQ05	rs3130614	6	0.126779	50726	0.25077081996515	1.42988134448138e-08	7.8447
ChIcqFussiQ04	rs10922922	1	0.495054	58636	0.509126848615929	1.13836097772866e-09	8.94372
ChIcqFussiQ04	rs61770469	1	0.497933	58778	0.595268635051173	1.64672090927488e-09	8.78338
ChIcqFussiQ04	rs814546	1	0.49835	58786	0.591635193282558	2.37476150294228e-09	8.62438
ChIcqFussiQ04	rs814545	1	0.498563	58788	0.615922401568851	2.01163878334329e-09	8.69645
ChIcqFussiQ04	rs2954561	1	0.498563	58790	0.621588541519221	1.97797136479261e-09	8.70378
ChItseaCompeQ06	rs60544299	14	0.167764	41296	3.36953521855769e-06	5.93225758091686e-06	5.47243
ChItseaCompeQ06	rs189704196	16	0.0122844	41272	1.6893125170484e-06	8.51922326428547e-07	6.0696
ChItseaCompeQ06	rs4389214	18	0.0994916	41310	1.19297131174944e-06	1.90712869204966e-07	6.71962
ChItseaCompeQ06	rs35228774	18	0.0994312	41315	1.09096294537633e-06	1.73656082673191e-07	6.76031
ChItseaCompeQ06	rs4404159	18	0.0995788	41314	1.14472192237846e-06	1.80056995887702e-07	6.74459
ChItseaCompeQ06	rs12959763	18	0.0995546	41314	1.05776696623461e-06	1.64535645746447e-07	6.78374
ChItseaCompeQ06	rs8094393	18	0.128091	41295	3.07765546391629e-07	3.83309868039202e-08	7.41645
ChItseaCompeQ06	rs12327019	18	0.128114	41299	2.56289019747961e-07	3.12054176854178e-08	7.50577
ChItseaCompeQ06	rs12968340	18	0.0993902	41322	1.28661911700248e-06	2.07496129465431e-07	6.68299
ChItseaCompeQ06	rs12955792	18	0.103771	41293	7.93450795695263e-07	1.23336039930145e-07	6.90891
ChItseaCompeQ06	rs3118396	1	0.22274	41324	4.31240955862784e-06	3.74110588272054e-06	5.427
ChItseaCompeQ06	rs3125880	1	0.22274	41324	4.31360128605924e-06	3.74205356634224e-06	5.42689
ChItseaCompeQ06	rs912959	1	0.22274	41324	4.31360128605924e-06	3.74205356634224e-06	5.42689
ChItseaCompeQ06	rs6688560	1	0.22274	41324	4.31360128605924e-06	3.74205356634224e-06	5.42689
ChItseaCompeQ06	rs2038900	1	0.222952	41316	3.15166464587834e-06	2.94252390683818e-06	5.53128
ChItseaCompeQ06	rs56087197	1	0.361222	41098	1.3610058752848e-06	2.33942970458104e-06	5.86614
ChItseaCompeQ06	rs16995687	20	0.0423584	41078	4.78619071584364e-06	6.96353880363503e-06	5.32001
ChItseaCompeQ06	rs72813411	2	0.231905	41241	1.02891618786417e-06	3.74308767681439e-06	5.98762
ChItseaCompeQ06	rs4671458	2	0.230919	41246	1.67814699657498e-06	6.62170760986185e-06	5.77517
ChItseaCompeQ06	rs4671459	2	0.232965	41253	1.58419996733871e-06	6.26772596265426e-06	5.80019
ChItseaCompeQ06	rs4671460	2	0.233933	41264	2.44511899782504e-06	9.2442141985152e-06	5.6117
ChItseaCompeQ06	rs62149791	2	0.0294461	41160	8.80318847219757e-07	2.32434184039253e-07	6.6337
ChItseaCompeQ06	rs4460162	5	0.429322	41321	6.38087151834517e-07	2.17841189620429e-06	6.19512
ChItseaDysreQ06	rs7086481	10	0.381388	40995	1.34443558806278e-08	5.18059926981342e-08	7.87146
ChItseaDysreQ06	rs1057234	10	0.392892	40926	8.5687998756472e-08	1.77235208296382e-07	7.06708
ChItseaDysreQ06	rs28414241	10	0.394017	40917	6.81569268258395e-08	1.90059682750218e-07	7.16649
ChItseaDysreQ06	rs117933184	12	0.0247811	40999	6.54741697455929e-06	5.05021654089763e-06	5.29669
ChItseaDysreQ06	rs72793634	5	0.0380683	40979	6.47142615748583e-06	7.49445402930591e-06	5.189
ChItseaDysreQ06	rs10266515	7	0.180941	40878	2.75962455104683e-06	1.59565868361409e-06	5.79706
ChItseaDysreQ06	rs4719773	7	0.182008	40795	8.62203933823388e-06	1.85519685757119e-06	5.73161
ChItseaDysreQ06	rs9639500	7	0.181924	40789	9.38793340086714e-06	2.13555125836625e-06	5.67049
ChItseaDysreQ06	rs1014116	7	0.18204	40763	9.02692844725817e-06	2.12045958783998e-06	5.67357
ChItseaDysreQ06	rs10245219	7	0.152082	40715	4.27120090627851e-06	1.53003018914347e-06	5.8153
ChItseaDysreQ06	rs73109732	7	0.213682	40235	1.13506308605557e-06	4.00516119736403e-06	5.94498
ChItseaDysreQ06	rs12548428	8	0.367218	40913	1.21151835984585e-06	9.09368695948211e-06	5.91667
ChItseaDysreQ06	rs17538112	8	0.214781	40951	7.51276838572268e-07	3.55639507376989e-06	6.1242
ChItseaDysreQ06	rs6469406	8	0.214805	40951	8.07774241188453e-07	3.93187769314697e-06	6.09271
ChItseaDysreQ06	rs4876453	8	0.185146	40803	9.71135879893498e-07	9.90672254522019e-06	6.01272
ChItseaDysreQ06	rs12679948	8	0.19661	40944	2.04004618681349e-06	7.09038797905376e-06	5.69036
ChItseaDysreQ06	rs62514407	8	0.223818	41040	2.11992257660102e-07	6.11828918005813e-06	6.67368
ChItseaDysreQ06	rs56298658	8	0.22489	41029	2.59728734815055e-07	6.39631730719438e-06	6.58548
ChItseaDysreQ06	rs12680127	8	0.22489	41029	2.59633064837117e-07	6.39455018355698e-06	6.58564
ChItseaDysreQ06	rs62514420	8	0.224882	41026	2.90121557313236e-07	7.26574246188379e-06	6.53742
ChItseaDysreQ06	rs4876285	8	0.22479	41025	3.75214834223194e-07	8.49102266225895e-06	6.42572
ChItseaExterQ06	rs1342555	1	0.0719503	40660	0.167708471196458	4.76025261191659e-09	8.32237
ChItseaFullQ06	rs1342555	1	0.0720261	40881	0.900046401750249	4.55879433578425e-09	8.34115
ChRsdbdConduQ09	rs1950747	14	0.428096	30812	6.82213014285127e-07	1.7027857222941e-06	6.16608
ChRsdbdConduQ09	rs72733854	15	0.0562945	31051	4.15795706020784e-06	9.02526577873006e-06	5.38112
ChRsdbdConduQ09	rs12448841	16	0.396161	30793	4.53043600368334e-07	8.54181183000719e-07	6.34386
ChRsdbdConduQ09	rs4782672	16	0.393747	30752	9.21658430550992e-07	1.56729230021867e-06	6.03543
ChRsdbdConduQ09	rs9745776	16	0.198784	30088	5.25520908921497e-06	5.88992819133739e-06	5.27941
ChRsdbdConduQ09	rs11644604	16	0.0767419	31000	4.14467040471776e-06	2.34920004234932e-06	5.62908
ChRsdbdConduQ09	rs12943971	17	0.305598	30046	1.00043758688089e-06	1.40782930137055e-06	5.99981
ChRsdbdConduQ09	rs7260152	19	0.373157	31070	6.05926574446419e-07	5.47797442079277e-07	6.26138
ChRsdbdConduQ09	rs190714035	20	0.0109046	30996	4.3470036014528e-06	6.42273494776882e-06	5.36181
ChRsdbdConduQ09	rs522332	21	0.21164	30996	7.68298526028251e-06	9.20852348410289e-06	5.11447
ChRsdbdConduQ09	rs2825645	21	0.434058	30671	1.91734382891908e-06	6.33592459508817e-06	5.7173
ChRsdbdConduQ09	rs12627732	21	0.433812	30693	1.17630515429167e-06	3.88964530487925e-06	5.92948
ChRsdbdConduQ09	rs2833994	21	0.434866	31059	8.01272061199576e-06	8.43898082335317e-06	5.09622
ChRsdbdConduQ09	rs66511648	3	0.279929	30906	1.8869917438431e-06	1.97915587564257e-06	5.72423
ChRsdbdConduQ09	rs6959510	7	0.281761	30116	2.38786626493283e-07	5.08721391619388e-08	7.29352
ChRsdbdConduQ09	rs10098615	8	0.0738111	31059	1.15233830883731e-06	5.28956550837211e-07	6.27658
ChRsdbdConduQ09	rs11991992	8	0.0741075	31063	1.0679477374887e-06	5.20175627807457e-07	6.28385
ChRsdbdHyperQ09	rs11255890	10	0.348054	30932	0.00394148610613848	8.45337236971098e-09	8.07297
ChRsdbdHyperQ09	rs11255891	10	0.347821	30934	0.00388499084749526	6.42273494776882e-09	8.19228
ChRsdbdHyperQ09	rs7923068	10	0.344632	30962	0.00530017244597225	6.22386265069904e-09	8.20594
ChRsdbdHyperQ09	rs34166411	10	0.345934	30925	0.00534035342965006	1.12909374113291e-08	7.94727
ChRsdbdHyperQ09	rs7088921	10	0.346174	31009	0.00549806664684144	8.64728952323367e-09	8.06312
ChRsdbdHyperQ09	rs10795674	10	0.346175	31006	0.00559963861808754	8.68000549274492e-09	8.06148
ChRsdbdHyperQ09	rs4749820	10	0.34612	30995	0.00562043591123392	9.15250553090537e-09	8.03846
ChRsdbdHyperQ09	rs10795677	10	0.346216	30998	0.00475006989383119	9.89623500738335e-09	8.00453
ChRsdbdHyperQ09	rs11255912	10	0.346129	30987	0.00516594763973021	1.10115891703763e-08	7.95815
ChRsdbdHyperQ09	rs11255914	10	0.346426	30998	0.00448838394269654	1.0622335152035e-08	7.97378
ChRsdbdHyperQ09	rs2039495	10	0.346624	30973	0.00422980162774375	1.49716615198585e-08	7.82473
ChRsdbdHyperQ09	rs2986300	10	0.346023	30969	0.00430863792673757	1.62117538111538e-08	7.79017
ChRsdbdHyperQ09	rs2991809	10	0.346002	30968	0.00437965599806798	1.48173315948061e-08	7.82923
ChRsdbdHyperQ09	rs2104525	10	0.346026	30976	0.00463980789982126	2.22961562898828e-08	7.65177
ChRsdbdHyperQ09	rs7068268	10	0.345931	30905	0.00452511895190274	1.47363524494056e-08	7.83161
ChRsdbdHyperQ09	rs12769121	10	0.345977	30924	0.00521086713730248	1.88161167885929e-08	7.72547
ChScaredFullQ09	rs555175609	14	0.0172002	30959	3.71518119661534e-06	8.19200106326169e-06	5.43002
ChScaredFullQ09	rs4789435	17	0.44804	30822	1.11124546084648e-06	7.07799090097708e-06	5.95419
ChScaredFullQ09	rs7207321	17	0.405801	30770	1.85046127094174e-06	4.6399147365763e-06	5.73272
ChScaredFullQ09	rs4789440	17	0.365496	30791	2.21942257921167e-06	1.23614666068942e-06	5.90793
ChScaredFullQ09	rs34246065	17	0.469386	30754	2.02343845776326e-07	2.14911670533982e-06	6.69391
ChScaredFullQ09	rs6693562	1	0.180602	30725	9.74630504419346e-07	2.60735400445539e-07	6.5838
ChScaredFullQ09	rs12239382	1	0.163368	30771	2.77600344027356e-06	2.35640534950921e-06	5.62775
ChScaredFullQ09	rs10913141	1	0.163477	30775	2.75873509656816e-06	2.27190412460729e-06	5.64361
ChScaredFullQ09	rs76720799	1	0.163531	30777	2.71831636686107e-06	2.37120990262694e-06	5.62503
ChScaredFullQ09	rs12094736	1	0.257521	30846	5.62444921831864e-06	2.01400247536743e-06	5.69594
ChScaredFullQ09	rs56380818	2	0.321949	30977	2.50992069810977e-07	6.68066969591759e-06	6.60034
ChScaredFullQ09	rs77810081	5	0.0216521	30990	6.84399998630453e-06	8.08109104985103e-07	6.09253
ChScaredFullQ09	rs2288782	5	0.177045	30769	7.23069428705568e-06	9.66139859661583e-06	5.14082
ChScaredFullQ09	rs17155171	5	0.196933	30914	6.41903878827436e-06	3.77815699202314e-06	5.42272
ChScaredFullQ09	rs55924567	7	0.155762	30248	2.80007716585167e-06	2.51848866173868e-06	5.59886
ChScqFullQ09	rs1037513	11	0.0285143	25987	3.14637150320912e-08	0.123150165551452	7.50219
ChScqRestrQ09	rs1950895	1	0.445672	25981	1.23990953565011e-06	4.56572763057582e-06	5.90661
ChScqRestrQ09	rs112776456	5	0.0133672	25959	4.91247100450335e-07	1.37173430556654e-06	6.3087
ChScqRestrQ09	rs220001	6	0.475819	25847	3.27385921791192e-06	9.74069623451691e-06	5.48494
ChScqRestrQ09	rs435292	6	0.475898	25849	2.61679679980755e-06	8.30290368370799e-06	5.58223
ChScqRestrQ09	rs405742	6	0.47588	25850	2.65956127067784e-06	8.51236034731343e-06	5.57519
ChScqRestrQ09	rs143722600	7	0.0175908	25951	6.63590255506101e-06	8.52196998008887e-06	5.1781
ChScqSociaQ06	rs2727414	4	0.0803894	41187	2.14941363729602e-06	7.9869322408215e-07	6.09762
ChSdqFullQ06	rs11050578	12	0.140412	41211	3.71603674719457e-08	1.75480959343362e-05	7.42992
ChSdqFullQ06	rs36562	14	0.133654	41237	6.33855116035481e-06	5.12471832708388e-07	6.29033
ChSdqFullQ06	rs7241068	18	0.383505	41049	5.29248943813446e-06	6.03545477491459e-06	5.27634
ChSdqFullQ06	rs111999501	1	0.0481727	41154	1.01426163880612e-06	3.47912473876727e-06	5.99385
ChSdqFullQ06	rs7540109	1	0.056034	40993	1.90020300257723e-06	9.27427565317694e-06	5.7212
ChSdqFullQ06	rs55870258	2	0.0905679	41168	0.000370510056301924	2.91024800370456e-08	7.53607
ChSdqFullQ06	rs59923535	2	0.0905337	41167	0.00032977672444563	2.54982279896301e-08	7.59349
ChSdqFullQ06	rs2386499	2	0.0900158	41165	0.000270041181828553	2.39149787880224e-08	7.62133
ChSdqFullQ11M	rs11198031	10	0.355733	9472	6.53958215392794e-06	9.66629399876488e-06	5.18445
ChSdqFullQ11M	rs4752078	10	0.385109	9435	9.93116048420933e-07	4.36807412886743e-06	6.003
ChSdqFullQ11M	rs10886101	10	0.383073	9429	1.73025455013607e-06	6.30434541322648e-06	5.76189
ChSdqProsoQ06	rs11050578	12	0.140412	41211	3.59128606198218e-08	1.75480959343362e-05	7.44475
ChSdqProsoQ06	rs36562	14	0.133654	41237	5.91330118920459e-06	5.12471832708388e-07	6.29033
ChSdqProsoQ06	rs7241068	18	0.383505	41049	4.52699484548198e-06	6.03545477491459e-06	5.34419
ChSdqProsoQ06	rs111999501	1	0.0481727	41154	1.17411327935577e-06	3.47912473876727e-06	5.93029
ChSdqProsoQ06	rs7540109	1	0.056034	40993	2.17105087225425e-06	9.27427565317694e-06	5.66333
ChSdqProsoQ06	rs55870258	2	0.0905679	41168	0.000461360065435939	2.91024800370456e-08	7.53607
ChSdqProsoQ06	rs59923535	2	0.0905337	41167	0.000408150187174918	2.54982279896301e-08	7.59349
ChSdqProsoQ06	rs2386499	2	0.0900158	41165	0.000339953878217451	2.39149787880224e-08	7.62133
ChSdqProsoQ11M	rs11198031	10	0.355733	9472	5.80804536691673e-06	9.66629399876488e-06	5.23597
ChSdqProsoQ11M	rs4752078	10	0.385109	9435	8.13092584002326e-07	4.36807412886743e-06	6.08986
ChSdqProsoQ11M	rs10886101	10	0.383073	9429	1.38025713236842e-06	6.30434541322648e-06	5.86004
ChSdqProsoQ11M	rs111217726	10	0.323791	9327	8.99518293465714e-06	2.00987940476762e-07	6.69683
ChSlasFullQ07	rs72731554	14	0.175152	7542	3.52176197498161e-06	6.51373370906686e-07	6.18617
ChSlasFullQ07	rs72731564	14	0.169625	7549	7.48048919553368e-06	1.11920592341436e-06	5.95109
ChSlasFullQ07	rs72731565	14	0.168434	7543	9.34996531931504e-06	1.25770851150019e-06	5.90042
ChSlasFullQ07	rs55885232	14	0.16839	7542	9.29950859170014e-06	1.23828325469723e-06	5.90718
ChSlasFullQ07	rs55940417	14	0.0167131	7539	5.78908598275281e-06	7.14315378247272e-06	5.23739
ChSlasFullQ07	rs11881901	19	0.0496724	7479	3.26136945940879e-06	2.07620388805607e-06	5.68273
ChSlasFullQ07	rs10853787	19	0.0496724	7479	3.26580312296173e-06	2.07902638014766e-06	5.68214
ChSlasFullQ07	rs7249529	19	0.0497928	7481	2.99150683874729e-06	1.74739061964817e-06	5.75761
ChSlasFullQ07	rs56800515	19	0.0497928	7481	2.99150683874729e-06	1.74739061964817e-06	5.75761
ChSlasFullQ07	rs57568186	19	0.0497928	7481	2.98806472104348e-06	1.74562116928706e-06	5.75805
ChSlasFullQ07	rs6417155	19	0.0497995	7480	2.95726334313103e-06	1.72460642608659e-06	5.76331
ChSlasFullQ07	rs2547387	19	0.0497995	7480	2.95767193238413e-06	1.72480499016903e-06	5.76326
ChSlasFullQ07	rs2694559	19	0.0493984	7480	3.61568010854127e-06	2.12622881752667e-06	5.67239
ChSlasFullQ07	rs2547383	19	0.0497995	7480	2.95889803889015e-06	1.72746795563523e-06	5.76259
ChSlasFullQ07	rs2547382	19	0.0497995	7480	2.95175290956963e-06	1.72397117462374e-06	5.76347
ChSlasFullQ07	rs2547381	19	0.0497995	7480	2.95134513800327e-06	1.72377270653233e-06	5.76352
ChSlasFullQ07	rs755326	19	0.0497995	7480	2.94577790233946e-06	1.71968934328846e-06	5.76455
ChSlasFullQ07	rs2694549	19	0.0492713	7479	3.53728457282287e-06	2.45007850399793e-06	5.61082
ChSlasFullQ07	rs2694548	19	0.0492713	7479	3.53769184120302e-06	2.45036059594814e-06	5.61077
ChSlasFullQ07	rs2547370	19	0.0492713	7479	3.53728457282287e-06	2.45007850399793e-06	5.61082
ChSlasFullQ07	rs2694547	19	0.0492713	7479	3.53728457282287e-06	2.45007850399793e-06	5.61082
ChSlasFullQ07	rs2431843	19	0.0490773	7478	3.85558249648403e-06	2.01841283881964e-06	5.69499
ChSlasFullQ07	rs61063927	19	0.28176	7533	3.14050869387622e-06	4.7482108928763e-06	5.503
ChSmfqFullQ09	rs73204563	8	0.240139	30576	1.54885228214365e-08	1.33014810479408e-05	7.80999
ChSmfqFullQ09	rs7814060	8	0.229914	30407	4.85165599739865e-08	6.56644029774367e-05	7.31411
ChSmfqFullQ11C	rs61377808	16	0.147024	11743	4.13742372050792e-08	0.892595719864868	7.38327
ChSmfqFullQ11C	rs8049247	16	0.144505	11747	2.34568667075353e-08	0.9148270552014	7.62973
ChSmfqFullQ11M	rs182562524	14	0.0126263	9900	5.77151727627586e-07	2.51628599243681e-07	6.59924
ChSmfqFullQ11M	rs186521566	14	0.018944	9924	1.43202302203946e-06	1.03442736271567e-06	5.9853
ChSmfqFullQ11M	rs184162482	14	0.018147	9919	3.21388253811333e-07	1.75602219172528e-07	6.75547
ChSmfqFullQ11M	rs150684175	2	0.0241439	9899	5.11469805108936e-07	2.40320046856042e-06	6.29118
ChSmfqFullQ11M	rs13129528	4	0.476864	9898	1.41471839331143e-07	3.84503236709481e-07	6.84933
ChSmfqFullQ11M	rs4262004	4	0.469017	9957	8.45901899143524e-07	1.92748053080059e-06	6.07268
ChSmfqFullQ11M	rs12651171	4	0.469067	9957	8.60617157407052e-07	1.98911549265246e-06	6.06519
ChSmfqFullQ11M	rs4490474	4	0.469067	9957	8.60617157407052e-07	1.98911549265246e-06	6.06519
ChSmfqFullQ11M	rs10939396	4	0.470275	9958	5.87732896957227e-07	1.44291251416335e-06	6.23082
ChSmfqFullQ11M	rs10939397	4	0.470573	9957	5.22648851032919e-07	1.22568818572319e-06	6.28179
ChSmfqFullQ11M	rs17262310	4	0.469365	9956	7.72858521860331e-07	1.70710407876905e-06	6.1119
ChSmfqFullQ11M	rs35286206	4	0.469365	9956	7.72876317790329e-07	1.70714338674563e-06	6.11189
ChSmfqFullQ11M	rs17262380	4	0.469001	9952	4.2934854947231e-07	9.55102539935396e-07	6.36719
ChSmfqFullQ11M	rs2866299	4	0.469368	9957	7.72929708038983e-07	1.70627882030422e-06	6.11186
ChSmfqFullQ11M	rs2120058	4	0.469368	9957	7.72911910879646e-07	1.70623953223478e-06	6.11187
ChSmfqFullQ11M	rs2120056	4	0.470018	9956	4.48363241198491e-07	1.0462850021006e-06	6.34837
ChSmfqFullQ11M	rs13132204	4	0.469368	9957	7.72911910879646e-07	1.70623953223478e-06	6.11187
ChSmfqFullQ11M	rs6845150	4	0.471276	9957	2.88436355863823e-07	7.10820591119563e-07	6.53995
ChSmfqFullQ11M	rs1479270	4	0.469368	9957	7.72911910879646e-07	1.70623953223478e-06	6.11187
ChSmfqFullQ11M	rs1479273	4	0.470627	9958	5.01660607802609e-07	1.16823442584937e-06	6.29959
ChSmfqFullQ11M	rs9999203	4	0.431683	9939	3.34379774069471e-06	6.12124835055011e-06	5.47576
ChSmfqFullQ11M	rs1479274	4	0.470627	9958	5.03918148898489e-07	1.17397811235003e-06	6.29764
ChSmfqFullQ11M	rs1550616	4	0.469365	9956	7.74212181051448e-07	1.7064359816287e-06	6.11114
ChSmfqFullQ11M	rs1550614	4	0.469368	9957	7.72911910879646e-07	1.70623953223478e-06	6.11187
ChSmfqFullQ11M	rs11724237	4	0.469368	9957	7.74568801045313e-07	1.70977908406253e-06	6.11094
ChSmfqFullQ11M	rs10021798	4	0.432471	9929	2.05901732083972e-06	4.0687405759779e-06	5.68634
ChSmfqFullQ11M	rs17262938	4	0.468232	9947	5.80523760688454e-07	1.32391468672743e-06	6.23618
ChSmfqFullQ11M	rs67810738	4	0.468329	9946	6.34512233820938e-07	1.45378438560766e-06	6.19756
ChSmfqFullQ11M	rs35288861	4	0.469469	9957	8.464474480977e-07	1.87737054620515e-06	6.0724
ChSmfqFullQ11M	rs13121275	4	0.469469	9957	8.4629154107563e-07	1.87706797420987e-06	6.07248
ChSmfqFullQ11M	rs1871370	4	0.469469	9957	8.464474480977e-07	1.87737054620515e-06	6.0724
ChSmfqFullQ11M	rs1871372	4	0.469469	9957	8.45823992287198e-07	1.87611735108626e-06	6.07272
ChSmfqFullQ11M	rs11734043	4	0.469469	9957	8.45823992287198e-07	1.87611735108626e-06	6.07272
ChSmfqFullQ11M	rs11722738	4	0.470724	9957	5.4598410567806e-07	1.27749732670007e-06	6.26282
ChSmfqFullQ11M	rs9684133	4	0.470774	9957	5.38865029150212e-07	1.24626385644192e-06	6.26852
ChSmfqFullQ11M	rs9683483	4	0.470774	9957	5.38865029150212e-07	1.24626385644192e-06	6.26852
ChSmfqFullQ11M	rs9683826	4	0.469469	9957	8.4666186715141e-07	1.87771640249341e-06	6.07229
ChSmfqFullQ11M	rs13151324	4	0.470624	9957	4.99459180208249e-07	1.16439411019742e-06	6.3015
ChSmfqFullQ11M	rs12498765	4	0.469315	9956	8.22981362213011e-07	1.8287738372297e-06	6.08461
ChSmfqFullQ11M	rs10516246	4	0.469368	9957	7.74729333630267e-07	1.70997594098587e-06	6.11085
ChSmfqFullQ11M	rs17263882	4	0.469368	9957	7.75853993700358e-07	1.71230056507409e-06	6.11022
ChSmfqFullQ11M	rs34086246	4	0.469368	9957	7.73107702172895e-07	1.7065538621217e-06	6.11176
ChSmfqFullQ11M	rs6814403	4	0.470624	9957	4.98712208615634e-07	1.16131490482417e-06	6.30215
ChSpinFullQ09	rs11174612	12	0.138732	29712	2.89467626417603e-08	1.64994702308102e-05	7.5384
ChSppaFullQ11C	rs74933124	1	0.0412083	15725	1.16436729934088e-08	0.50604367381663	7.93391
ChSppaSociaQ11C	rs74933124	1	0.0412083	15725	1.40184500979848e-08	0.50604367381663	7.8533
ChSprakExpreQ07	rs2233861	12	0.183565	25081	9.57767288270149e-06	1.86844363026556e-06	5.72852
ChSprakExpreQ07	rs11622659	14	0.0758842	25137	1.86406048403049e-06	2.45069914916087e-06	5.72954
ChSprakExpreQ07	rs12883083	14	0.0759113	25128	1.78743393954623e-06	2.53629636923774e-06	5.74777
ChSprakExpreQ07	rs12879334	14	0.0760645	25130	2.25891557580056e-06	3.41782639971858e-06	5.6461
ChSprakExpreQ07	rs75531023	14	0.0762591	25138	3.01675471374431e-06	4.48786722814369e-06	5.52046
ChSprakExpreQ07	rs11621784	14	0.076253	25140	2.87388906553455e-06	4.28824904925424e-06	5.54153
ChSprakExpreQ07	rs12882338	14	0.0767423	25110	3.32039690213074e-06	5.13239413478288e-06	5.47881
ChSprakExpreQ07	rs35961631	14	0.0762452	25136	4.48270335319001e-06	6.1188527212682e-06	5.34846
ChSprakExpreQ07	rs71418129	14	0.0762651	25136	4.60680680830093e-06	6.38954598403787e-06	5.3366
ChSprakExpreQ07	rs12141357	1	0.013938	25147	4.77782237546937e-06	3.0422156770698e-06	5.51681
ChSprakExpreQ07	rs12142492	1	0.0139386	25146	4.79810778764715e-06	3.0585810961321e-06	5.51448
ChSprakFullQ07	rs12883083	14	0.0759197	25145	8.7138484002765e-06	3.4676878756739e-07	6.45996
ChSprakRecepQ07	rs189052651	10	0.0129532	25129	7.18505339668917e-10	3.70109301654132e-07	9.14357
ChSprakRecepQ07	rs11622659	14	0.0758552	25140	8.79447664681375e-06	6.92038091875242e-06	5.15987
ChSprakRecepQ07	rs12883083	14	0.0758824	25131	7.09479742943423e-06	5.90391369190433e-06	5.22886
ChSprakRecepQ07	rs12879334	14	0.0760355	25133	8.63197154419988e-06	7.23219287832781e-06	5.14073
ChSprakRecepQ07	rs4847015	1	0.377877	25155	8.31859536958302e-06	3.13877366408612e-06	5.50324
ChSprakRecepQ07	rs4847016	1	0.377877	25155	8.31859536958302e-06	3.13877366408612e-06	5.50324
ChSprakRecepQ07	rs4847017	1	0.377862	25156	8.42965886951111e-06	3.18830602602562e-06	5.49644
ChSprakRecepQ07	rs12124411	1	0.376716	25125	9.44865517782251e-06	3.09328545872867e-06	5.50958
ChSprakRecepQ07	rs3790979	1	0.377461	25147	6.8805000128698e-06	2.94462503426473e-06	5.53097
ChSprakRecepQ07	rs12130847	1	0.377808	25149	5.92256723934165e-06	2.39833585400253e-06	5.62009
ChSprakRecepQ07	rs11122602	1	0.374552	25130	8.60696426826985e-06	5.02481411087398e-06	5.29888
ChSprakRecepQ07	rs924535	4	0.0755446	25111	3.36596813288069e-06	8.42830027852391e-06	5.47289
ChSprakRecepQ07	rs72617734	4	0.102475	25128	9.9993092483301e-07	9.60196237794826e-06	6.00003
ChSprakRecepQ07	rs12500139	4	0.077601	25135	9.78160227035255e-07	3.29549001416516e-06	6.00959
ChSprakRecepQ07	rs72617736	4	0.102525	25145	1.12758684362539e-06	9.67542386808958e-06	5.94785
ChSprakRecepQ07	rs6942586	7	0.415766	25156	5.97392821979624e-06	3.29086449420463e-06	5.48269
ChSprakRecepQ07	rs140624059	7	0.0919172	25115	1.0382214564456e-06	1.01995262495797e-06	5.99142
ChSprakRecepQ07	rs12672699	7	0.091725	25124	1.23648826782685e-06	1.08777732101107e-06	5.96346
ChSprakSemanQ07	rs61901532	11	0.0151823	25062	4.49624533259577e-06	5.69744314456676e-06	5.34715
ChSprakSemanQ07	rs12883083	14	0.0759257	25143	2.99978410781387e-06	8.07699845857488e-06	5.52291
ChSprakSemanQ07	rs528051485	15	0.0124392	25082	4.31538949473219e-07	2.58047704443602e-06	6.36498
ChSprakSemanQ07	rs71337551	19	0.109359	25078	3.8315103231156e-06	5.2117070975429e-07	6.28302
ChSprakSemanQ07	rs2460251	4	0.310713	25081	7.45881782457905e-06	1.56667892021631e-06	5.80502
ChSprakSemanQ07	rs56022301	4	0.184179	25144	2.00456433883888e-05	3.80452112580041e-08	7.4197
ChSprakSemanQ07	rs75864480	8	0.0138048	25100	3.31558373129834e-08	1.72135323476114e-05	7.47944
